{
  "micro_overall": {
    "strict": {
      "n": 4500,
      "hit_rate_at": {
        "1": 0.7266666666666667,
        "3": 0.8366666666666667,
        "5": 0.872
      },
      "ci_hit_rate_at": {
        "1": [
          0.7134558662339988,
          0.7394907915703076
        ],
        "3": [
          0.8255793048586604,
          0.8471797015859712
        ],
        "5": [
          0.8619202837170394,
          0.8814451135029695
        ]
      },
      "mrr_at": {
        "1": 0.7266666666666667,
        "3": 0.7751111111111125,
        "5": 0.7832777777777786
      },
      "ci_mrr_at": {
        "1": [
          0.7136436381047365,
          0.7396896952285968
        ],
        "3": [
          0.7638730430089796,
          0.7863491792132454
        ],
        "5": [
          0.772458513445195,
          0.7940970421103623
        ]
      },
      "ci_level": 0.95
    },
    "semantic": {
      "n": 4500,
      "hit_rate_at": {
        "1": 0.7766666666666666,
        "3": 0.866,
        "5": 0.8853333333333333
      },
      "ci_hit_rate_at": {
        "1": [
          0.7642648900630445,
          0.7885964716686825
        ],
        "3": [
          0.855734001373053,
          0.8756416313756654
        ],
        "5": [
          0.8756934248847772,
          0.8943158933825437
        ]
      },
      "mrr_at": {
        "1": 0.7766666666666666,
        "3": 0.8160000000000016,
        "5": 0.8204000000000011
      },
      "ci_mrr_at": {
        "1": [
          0.7644966217273171,
          0.7888367116060161
        ],
        "3": [
          0.8055169755591505,
          0.8264830244408528
        ],
        "5": [
          0.8101720479914468,
          0.8306279520085554
        ]
      },
      "ci_level": 0.95
    }
  },
  "macro_overall": {
    "strict": {
      "n_endpoints": 3,
      "hit_rate_at": {
        "1": 0.7266666666666667,
        "3": 0.8366666666666666,
        "5": 0.872
      },
      "mrr_at": {
        "1": 0.7266666666666667,
        "3": 0.7751111111111112,
        "5": 0.7832777777777779
      }
    },
    "semantic": {
      "n_endpoints": 3,
      "hit_rate_at": {
        "1": 0.7766666666666667,
        "3": 0.866,
        "5": 0.8853333333333332
      },
      "mrr_at": {
        "1": 0.7766666666666667,
        "3": 0.8159999999999998,
        "5": 0.8203999999999999
      }
    }
  },
  "per_endpoint": {
    "concept": {
      "strict": {
        "n": 1500,
        "hit_rate_at": {
          "1": 0.7266666666666667,
          "3": 0.8366666666666667,
          "5": 0.872
        },
        "ci_hit_rate_at": {
          "1": [
            0.7035549853861461,
            0.7486202969042229
          ],
          "3": [
            0.8171029116072318,
            0.8545103753240516
          ],
          "5": [
            0.8541373300929705,
            0.8879621037835762
          ]
        },
        "mrr_at": {
          "1": 0.7266666666666667,
          "3": 0.7751111111111112,
          "5": 0.783277777777778
        },
        "ci_mrr_at": {
          "1": [
            0.7041051041765837,
            0.7492282291567497
          ],
          "3": [
            0.755641878240405,
            0.7945803439818174
          ],
          "5": [
            0.7645340956015844,
            0.8020214599539716
          ]
        },
        "ci_level": 0.95
      },
      "semantic": {
        "n": 1500,
        "hit_rate_at": {
          "1": 0.7766666666666666,
          "3": 0.866,
          "5": 0.8853333333333333
        },
        "ci_hit_rate_at": {
          "1": [
            0.754898197523943,
            0.797021632330478
          ],
          "3": [
            0.8478223248285935,
            0.8823077633402671
          ],
          "5": [
            0.8682151837157844,
            0.9004827961778429
          ]
        },
        "mrr_at": {
          "1": 0.7766666666666666,
          "3": 0.8159999999999998,
          "5": 0.8203999999999999
        },
        "ci_mrr_at": {
          "1": [
            0.7555828436449687,
            0.7977504896883645
          ],
          "3": [
            0.7978388318905545,
            0.8341611681094452
          ],
          "5": [
            0.8026807285349008,
            0.838119271465099
          ]
        },
        "ci_level": 0.95
      }
    },
    "search": {
      "strict": {
        "n": 1500,
        "hit_rate_at": {
          "1": 0.7266666666666667,
          "3": 0.8366666666666667,
          "5": 0.872
        },
        "ci_hit_rate_at": {
          "1": [
            0.7035549853861461,
            0.7486202969042229
          ],
          "3": [
            0.8171029116072318,
            0.8545103753240516
          ],
          "5": [
            0.8541373300929705,
            0.8879621037835762
          ]
        },
        "mrr_at": {
          "1": 0.7266666666666667,
          "3": 0.7751111111111112,
          "5": 0.783277777777778
        },
        "ci_mrr_at": {
          "1": [
            0.7041051041765837,
            0.7492282291567497
          ],
          "3": [
            0.755641878240405,
            0.7945803439818174
          ],
          "5": [
            0.7645340956015844,
            0.8020214599539716
          ]
        },
        "ci_level": 0.95
      },
      "semantic": {
        "n": 1500,
        "hit_rate_at": {
          "1": 0.7766666666666666,
          "3": 0.866,
          "5": 0.8853333333333333
        },
        "ci_hit_rate_at": {
          "1": [
            0.754898197523943,
            0.797021632330478
          ],
          "3": [
            0.8478223248285935,
            0.8823077633402671
          ],
          "5": [
            0.8682151837157844,
            0.9004827961778429
          ]
        },
        "mrr_at": {
          "1": 0.7766666666666666,
          "3": 0.8159999999999998,
          "5": 0.8203999999999999
        },
        "ci_mrr_at": {
          "1": [
            0.7555828436449687,
            0.7977504896883645
          ],
          "3": [
            0.7978388318905545,
            0.8341611681094452
          ],
          "5": [
            0.8026807285349008,
            0.838119271465099
          ]
        },
        "ci_level": 0.95
      }
    },
    "batch": {
      "strict": {
        "n": 1500,
        "hit_rate_at": {
          "1": 0.7266666666666667,
          "3": 0.8366666666666667,
          "5": 0.872
        },
        "ci_hit_rate_at": {
          "1": [
            0.7035549853861461,
            0.7486202969042229
          ],
          "3": [
            0.8171029116072318,
            0.8545103753240516
          ],
          "5": [
            0.8541373300929705,
            0.8879621037835762
          ]
        },
        "mrr_at": {
          "1": 0.7266666666666667,
          "3": 0.7751111111111112,
          "5": 0.783277777777778
        },
        "ci_mrr_at": {
          "1": [
            0.7041051041765837,
            0.7492282291567497
          ],
          "3": [
            0.755641878240405,
            0.7945803439818174
          ],
          "5": [
            0.7645340956015844,
            0.8020214599539716
          ]
        },
        "ci_level": 0.95
      },
      "semantic": {
        "n": 1500,
        "hit_rate_at": {
          "1": 0.7766666666666666,
          "3": 0.866,
          "5": 0.8853333333333333
        },
        "ci_hit_rate_at": {
          "1": [
            0.754898197523943,
            0.797021632330478
          ],
          "3": [
            0.8478223248285935,
            0.8823077633402671
          ],
          "5": [
            0.8682151837157844,
            0.9004827961778429
          ]
        },
        "mrr_at": {
          "1": 0.7766666666666666,
          "3": 0.8159999999999998,
          "5": 0.8203999999999999
        },
        "ci_mrr_at": {
          "1": [
            0.7555828436449687,
            0.7977504896883645
          ],