{
  "micro_overall": {
    "strict": {
      "n": 4500,
      "hit_rate_at": {
        "1": 0.7046666666666667,
        "3": 0.8286666666666667,
        "5": 0.8693333333333333
      },
      "ci_hit_rate_at": {
        "1": [
          0.6911676256031117,
          0.7178165624731297
        ],
        "3": [
          0.8173781282428583,
          0.8393945255733861
        ],
        "5": [
          0.859169981020493,
          0.8788666319900534
        ]
      },
      "mrr_at": {
        "1": 0.7046666666666667,
        "3": 0.7595555555555572,
        "5": 0.7688555555555563
      },
      "ci_mrr_at": {
        "1": [
          0.6913361748541657,
          0.7179971584791677
        ],
        "3": [
          0.7481324910570196,
          0.7709786200540948
        ],
        "5": [
          0.7578925977858701,
          0.7798185133252424
        ]
      },
      "ci_level": 0.95
    },
    "semantic": {
      "n": 4500,
      "hit_rate_at": {
        "1": 0.7546666666666667,
        "3": 0.862,
        "5": 0.884
      },
      "ci_hit_rate_at": {
        "1": [
          0.7418808938329826,
          0.7670179981706793
        ],
        "3": [
          0.8516135233142877,
          0.8717689331202371
        ],
        "5": [
          0.8743144031809204,
          0.8930305229816694
        ]
      },
      "mrr_at": {
        "1": 0.7546666666666667,
        "3": 0.8021111111111129,
        "5": 0.8070777777777792
      },
      "ci_mrr_at": {
        "1": [
          0.7420932317393517,
          0.7672401015939817
        ],
        "3": [
          0.7914570841357039,
          0.8127651380865218
        ],
        "5": [
          0.7967021821473836,
          0.8174533734081748
        ]
      },
      "ci_level": 0.95
    }
  },
  "macro_overall": {
    "strict": {
      "n_endpoints": 3,
      "hit_rate_at": {
        "1": 0.7046666666666667,
        "3": 0.8286666666666666,
        "5": 0.8693333333333332
      },
      "mrr_at": {
        "1": 0.7046666666666667,
        "3": 0.7595555555555557,
        "5": 0.768855555555556
      }
    },
    "semantic": {
      "n_endpoints": 3,
      "hit_rate_at": {
        "1": 0.7546666666666667,
        "3": 0.862,
        "5": 0.884
      },
      "mrr_at": {
        "1": 0.7546666666666667,
        "3": 0.802111111111111,
        "5": 0.8070777777777781
      }
    }
  },
  "per_endpoint": {
    "concept": {
      "strict": {
        "n": 1500,
        "hit_rate_at": {
          "1": 0.7046666666666667,
          "3": 0.8286666666666667,
          "5": 0.8693333333333333
        },
        "ci_hit_rate_at": {
          "1": [
            0.6810808966980015,
            0.7272067846641845
          ],
          "3": [
            0.8087642432104168,
            0.8468899161106181
          ],
          "5": [
            0.8513292076230978,
            0.8854505170500329
          ]
        },
        "mrr_at": {
          "1": 0.7046666666666667,
          "3": 0.7595555555555558,
          "5": 0.768855555555556
        },
        "ci_mrr_at": {
          "1": [
            0.6815724437966906,
            0.7277608895366428
          ],
          "3": [
            0.7397658282823327,
            0.7793452828287788
          ],
          "5": [
            0.7498629337072118,
            0.7878481774039001
          ]
        },
        "ci_level": 0.95
      },
      "semantic": {
        "n": 1500,
        "hit_rate_at": {
          "1": 0.7546666666666667,
          "3": 0.862,
          "5": 0.884
        },
        "ci_hit_rate_at": {
          "1": [
            0.7322588088654698,
            0.7757734200607684
          ],
          "3": [
            0.8436187121292765,
            0.8785318122344598
          ],
          "5": [
            0.8668044586109821,
            0.8992336666809372
          ]
        },
        "mrr_at": {
          "1": 0.7546666666666667,
          "3": 0.802111111111111,
          "5": 0.807077777777778
        },
        "ci_mrr_at": {
          "1": [
            0.7328839963393609,
            0.7764493369939726
          ],
          "3": [
            0.7836536920680942,
            0.8205685301541278
          ],
          "5": [
            0.789102723198592,
            0.825052832356964
          ]
        },
        "ci_level": 0.95
      }
    },
    "search": {
      "strict": {
        "n": 1500,
        "hit_rate_at": {
          "1": 0.7046666666666667,
          "3": 0.8286666666666667,
          "5": 0.8693333333333333
        },
        "ci_hit_rate_at": {
          "1": [
            0.6810808966980015,
            0.7272067846641845
          ],
          "3": [
            0.8087642432104168,
            0.8468899161106181
          ],
          "5": [
            0.8513292076230978,
            0.8854505170500329
          ]
        },
        "mrr_at": {
          "1": 0.7046666666666667,
          "3": 0.7595555555555558,
          "5": 0.768855555555556
        },
        "ci_mrr_at": {
          "1": [
            0.6815724437966906,
            0.7277608895366428
          ],
          "3": [
            0.7397658282823327,
            0.7793452828287788
          ],
          "5": [
            0.7498629337072118,
            0.7878481774039001
          ]
        },
        "ci_level": 0.95
      },
      "semantic": {
        "n": 1500,
        "hit_rate_at": {
          "1": 0.7546666666666667,
          "3": 0.862,
          "5": 0.884
        },
        "ci_hit_rate_at": {
          "1": [
            0.7322588088654698,
            0.7757734200607684
          ],
          "3": [
            0.8436187121292765,
            0.8785318122344598
          ],
          "5": [
            0.8668044586109821,
            0.8992336666809372
          ]
        },
        "mrr_at": {
          "1": 0.7546666666666667,
          "3": 0.802111111111111,
          "5": 0.807077777777778
        },
        "ci_mrr_at": {
          "1": [
            0.7328839963393609,
            0.7764493369939726
          ],
          "3": [
            0.7836536920680942,
            0.8205685301541278
          ],
          "5": [
            0.789102723198592,
            0.825052832356964
          ]
        },
        "ci_level": 0.95
      }
    },
    "batch": {
      "strict": {
        "n": 1500,
        "hit_rate_at": {
          "1": 0.7046666666666667,
          "3": 0.8286666666666667,
          "5": 0.8693333333333333
        },
        "ci_hit_rate_at": {
          "1": [
            0.6810808966980015,
            0.7272067846641845
          ],
          "3": [
            0.8087642432104168,
            0.8468899161106181
          ],
          "5": [
            0.8513292076230978,
            0.8854505170500329
          ]
        },
        "mrr_at": {
          "1": 0.7046666666666667,
          "3": 0.7595555555555558,
          "5": 0.768855555555556
        },
        "ci_mrr_at": {
          "1": [
            0.6815724437966906,
            0.7277608895366428
          ],
          "3": [
            0.7397658282823327,
            0.7793452828287788
          ],
          "5": [
            0.7498629337072118,
            0.7878481774039001
          ]
        },
        "ci_level": 0.95
      },
      "semantic": {
        "n": 1500,
        "hit_rate_at": {
          "1": 0.7546666666666667,
          "3": 0.862,
          "5": 0.884
        },
        "ci_hit_rate_at": {
          "1": [
            0.7322588088654698,
            0.7757734200607684
          ],
          "3": [
            0.8436187121292765,
            0.8785318122344598
          ],
          "5": [
            0.8668044586109821,
            0.8992336666809372
          ]
        },
        "mrr_at": {
          "1": 0.7546666666666667,
          "3": 0.802111111111111,
          "5": 0.807077777777778
        },
        "ci_mrr_at": {
          "1": [
            0.7328839963393609,
            0.7764493369939726
          ],