{
  "micro_overall": {
    "strict": {
      "n": 4500,
      "hit_rate_at": {
        "1": 0.7133333333333334,
        "3": 0.8286666666666667,
        "5": 0.868
      },
      "ci_hit_rate_at": {
        "1": [
          0.6999432609316147,
          0.7263594758253795
        ],
        "3": [
          0.8173781282428583,
          0.8393945255733861
        ],
        "5": [
          0.8577953392612149,
          0.8775768816446002
        ]
      },
      "mrr_at": {
        "1": 0.7133333333333334,
        "3": 0.7652222222222237,
        "5": 0.7742222222222229
      },
      "ci_mrr_at": {
        "1": [
          0.7001193750210885,
          0.7265472916455783
        ],
        "3": [
          0.7538376928768179,
          0.7766067515676295
        ],
        "5": [
          0.7632880586192717,
          0.7851563858251741
        ]
      },
      "ci_level": 0.95
    },
    "semantic": {
      "n": 4500,
      "hit_rate_at": {
        "1": 0.756,
        "3": 0.8546666666666667,
        "5": 0.888
      },
      "ci_hit_rate_at": {
        "1": [
          0.7432361955688986,
          0.7683270885394946
        ],
        "3": [
          0.8440666213444327,
          0.8646616785140705
        ],
        "5": [
          0.8784526751052556,
          0.8968854273715278
        ]
      },
      "mrr_at": {
        "1": 0.756,
        "3": 0.8003333333333347,
        "5": 0.8079666666666674
      },
      "ci_mrr_at": {
        "1": [
          0.7434497064021118,
          0.7685502935978882
        ],
        "3": [
          0.7895584116397835,
          0.8111082550268859
        ],
        "5": [
          0.7976164939045258,
          0.818316839428809
        ]
      },
      "ci_level": 0.95
    }
  },
  "macro_overall": {
    "strict": {
      "n_endpoints": 3,
      "hit_rate_at": {
        "1": 0.7133333333333334,
        "3": 0.8286666666666666,
        "5": 0.868
      },
      "mrr_at": {
        "1": 0.7133333333333334,
        "3": 0.7652222222222226,
        "5": 0.7742222222222229
      }
    },
    "semantic": {
      "n_endpoints": 3,
      "hit_rate_at": {
        "1": 0.7559999999999999,
        "3": 0.8546666666666667,
        "5": 0.888
      },
      "mrr_at": {
        "1": 0.7559999999999999,
        "3": 0.8003333333333332,
        "5": 0.8079666666666672
      }
    }
  },
  "per_endpoint": {
    "concept": {
      "strict": {
        "n": 1500,
        "hit_rate_at": {
          "1": 0.7133333333333334,
          "3": 0.8286666666666667,
          "5": 0.868
        },
        "ci_hit_rate_at": {
          "1": [
            0.6899264164488431,
            0.7356503198244454
          ],
          "3": [
            0.8087642432104168,
            0.8468899161106181
          ],
          "5": [
            0.8499260240650978,
            0.8841938460063249
          ]
        },
        "mrr_at": {
          "1": 0.7133333333333334,
          "3": 0.7652222222222226,
          "5": 0.7742222222222229
        },
        "ci_mrr_at": {
          "1": [
            0.6904409972852832,
            0.7362256693813836
          ],
          "3": [
            0.7454992546325319,
            0.7849451898119133
          ],
          "5": [
            0.7552794844226668,
            0.793164960021779
          ]
        },
        "ci_level": 0.95
      },
      "semantic": {
        "n": 1500,
        "hit_rate_at": {
          "1": 0.756,
          "3": 0.8546666666666667,
          "5": 0.888
        },
        "ci_hit_rate_at": {
          "1": [
            0.7336286422230137,
            0.7770634413049325
          ],
          "3": [
            0.8359246790488654,
            0.8715966450054767
          ],
          "5": [
            0.8710387110542306,
            0.9029789780428128
          ]
        },
        "mrr_at": {
          "1": 0.756,
          "3": 0.8003333333333333,
          "5": 0.8079666666666672
        },
        "ci_mrr_at": {
          "1": [
            0.7342574205430689,
            0.7777425794569311
          ],
          "3": [
            0.7816664719378627,
            0.819000194728804
          ],
          "5": [
            0.7900356555776773,
            0.825897677755657
          ]
        },
        "ci_level": 0.95
      }
    },
    "search": {
      "strict": {
        "n": 1500,
        "hit_rate_at": {
          "1": 0.7133333333333334,
          "3": 0.8286666666666667,
          "5": 0.868
        },
        "ci_hit_rate_at": {
          "1": [
            0.6899264164488431,
            0.7356503198244454
          ],
          "3": [
            0.8087642432104168,
            0.8468899161106181
          ],
          "5": [
            0.8499260240650978,
            0.8841938460063249
          ]
        },
        "mrr_at": {
          "1": 0.7133333333333334,
          "3": 0.7652222222222226,
          "5": 0.7742222222222229
        },
        "ci_mrr_at": {
          "1": [
            0.6904409972852832,
            0.7362256693813836
          ],
          "3": [
            0.7454992546325319,
            0.7849451898119133
          ],
          "5": [
            0.7552794844226668,
            0.793164960021779
          ]
        },
        "ci_level": 0.95
      },
      "semantic": {
        "n": 1500,
        "hit_rate_at": {
          "1": 0.756,
          "3": 0.8546666666666667,
          "5": 0.888
        },
        "ci_hit_rate_at": {
          "1": [
            0.7336286422230137,
            0.7770634413049325
          ],
          "3": [
            0.8359246790488654,
            0.8715966450054767
          ],
          "5": [
            0.8710387110542306,
            0.9029789780428128
          ]
        },
        "mrr_at": {
          "1": 0.756,
          "3": 0.8003333333333333,
          "5": 0.8079666666666672
        },
        "ci_mrr_at": {
          "1": [
            0.7342574205430689,
            0.7777425794569311
          ],
          "3": [
            0.7816664719378627,
            0.819000194728804
          ],
          "5": [
            0.7900356555776773,
            0.825897677755657
          ]
        },
        "ci_level": 0.95
      }
    },
    "batch": {
      "strict": {
        "n": 1500,
        "hit_rate_at": {
          "1": 0.7133333333333334,
          "3": 0.8286666666666667,
          "5": 0.868
        },
        "ci_hit_rate_at": {
          "1": [
            0.6899264164488431,
            0.7356503198244454
          ],
          "3": [
            0.8087642432104168,
            0.8468899161106181
          ],
          "5": [
            0.8499260240650978,
            0.8841938460063249
          ]
        },
        "mrr_at": {
          "1": 0.7133333333333334,
          "3": 0.7652222222222226,
          "5": 0.7742222222222229
        },
        "ci_mrr_at": {
          "1": [
            0.6904409972852832,
            0.7362256693813836
          ],
          "3": [
            0.7454992546325319,
            0.7849451898119133
          ],
          "5": [
            0.7552794844226668,
            0.793164960021779
          ]
        },
        "ci_level": 0.95
      },
      "semantic": {
        "n": 1500,
        "hit_rate_at": {
          "1": 0.756,
          "3": 0.8546666666666667,
          "5": 0.888
        },
        "ci_hit_rate_at": {
          "1": [
            0.7336286422230137,
            0.7770634413049325
          ],
          "3": [
            0.8359246790488654,
            0.8715966450054767
          ],
          "5": [
            0.8710387110542306,
            0.9029789780428128
          ]
        },
        "mrr_at": {
          "1": 0.756,
          "3": 0.8003333333333333,
          "5": 0.8079666666666672
        },
        "ci_mrr_at": {
          "1": [
            0.7342574205430689,
            0.7777425794569311
          ],
          "3": [
            0.7816664719378627,
            0.819000194728804
          ],