{
  "micro_overall": {
    "strict": {
      "n": 4500,
      "hit_rate_at": {
        "1": 0.7937777777777778,
        "3": 0.862,
        "5": 0.884
      },
      "ci_hit_rate_at": {
        "1": [
          0.7817082345496846,
          0.8053461591927595
        ],
        "3": [
          0.8516135233142877,
          0.8717689331202371
        ],
        "5": [
          0.8743144031809204,
          0.8930305229816694
        ]
      },
      "mrr_at": {
        "1": 0.7937777777777778,
        "3": 0.8241481481481492,
        "5": 0.8292703703703709
      },
      "ci_mrr_at": {
        "1": [
          0.7819551157622984,
          0.8056004397932572
        ],
        "3": [
          0.8136734220604616,
          0.8346228742358368
        ],
        "5": [
          0.8190960320149772,
          0.8394447087257646
        ]
      },
      "ci_level": 0.95
    },
    "semantic": {
      "n": 4500,
      "hit_rate_at": {
        "1": 0.8268888888888889,
        "3": 0.8777777777777778,
        "5": 0.896
      },
      "ci_hit_rate_at": {
        "1": [
          0.8155568461657011,
          0.837663284844235
        ],
        "3": [
          0.8678840891224092,
          0.8870270072181016
        ],
        "5": [
          0.8867405470775471,
          0.9045839080276237
        ]
      },
      "mrr_at": {
        "1": 0.8268888888888889,
        "3": 0.8496666666666676,
        "5": 0.8538888888888891
      },
      "ci_mrr_at": {
        "1": [
          0.8158332428728042,
          0.8379445349049736
        ],
        "3": [
          0.839737671861154,
          0.8595956614721811
        ],
        "5": [
          0.8442303403902314,
          0.8635474373875469
        ]
      },
      "ci_level": 0.95
    }
  },
  "macro_overall": {
    "strict": {
      "n_endpoints": 3,
      "hit_rate_at": {
        "1": 0.7937777777777777,
        "3": 0.8620000000000001,
        "5": 0.884
      },
      "mrr_at": {
        "1": 0.7937777777777777,
        "3": 0.8241481481481481,
        "5": 0.8292703703703705
      }
    },
    "semantic": {
      "n_endpoints": 3,
      "hit_rate_at": {
        "1": 0.826888888888889,
        "3": 0.8777777777777778,
        "5": 0.8959999999999999
      },
      "mrr_at": {
        "1": 0.826888888888889,
        "3": 0.8496666666666668,
        "5": 0.8538888888888891
      }
    }
  },
  "per_endpoint": {
    "concept": {
      "strict": {
        "n": 1500,
        "hit_rate_at": {
          "1": 0.794,
          "3": 0.8626666666666667,
          "5": 0.884
        },
        "ci_hit_rate_at": {
          "1": [
            0.7727943305445532,
            0.8137036091320725
          ],
          "3": [
            0.8443189694704746,
            0.8791614821941157
          ],
          "5": [
            0.8668044586109821,
            0.8992336666809372
          ]
        },
        "mrr_at": {
          "1": 0.794,
          "3": 0.8248888888888889,
          "5": 0.8298222222222223
        },
        "ci_mrr_at": {
          "1": [
            0.7735261688952276,
            0.8144738311047724
          ],
          "3": [
            0.8067874347963162,
            0.8429903429814616
          ],
          "5": [
            0.8122239887419794,
            0.8474204557024653
          ]
        },
        "ci_level": 0.95
      },
      "semantic": {
        "n": 1500,
        "hit_rate_at": {
          "1": 0.8273333333333334,
          "3": 0.878,
          "5": 0.8953333333333333
        },
        "ci_hit_rate_at": {
          "1": [
            0.8073759499103,
            0.8456183548090269
          ],
          "3": [
            0.8604644521228411,
            0.8936043274613918
          ],
          "5": [
            0.8788183382386793,
            0.9098285511677583
          ]
        },
        "mrr_at": {
          "1": 0.8273333333333334,
          "3": 0.85,
          "5": 0.8540000000000003
        },
        "ci_mrr_at": {
          "1": [
            0.8081995977197793,
            0.8464670689468874
          ],
          "3": [
            0.8328118928298429,
            0.867188107170157
          ],
          "5": [
            0.8372561929076173,
            0.8707438070923833
          ]
        },
        "ci_level": 0.95
      }
    },
    "search": {
      "strict": {
        "n": 1500,
        "hit_rate_at": {
          "1": 0.7966666666666666,
          "3": 0.8626666666666667,
          "5": 0.8833333333333333
        },
        "ci_hit_rate_at": {
          "1": [
            0.7755525259682378,
            0.816265122911804
          ],
          "3": [
            0.8443189694704746,
            0.8791614821941157
          ],
          "5": [
            0.8660993511680583,
            0.898608846823007
          ]
        },
        "mrr_at": {
          "1": 0.7966666666666666,
          "3": 0.8257777777777778,
          "5": 0.8306444444444447
        },
        "ci_mrr_at": {
          "1": [
            0.7762916549012716,
            0.8170416784320617
          ],
          "3": [
            0.8076648332622874,
            0.8438907222932682
          ],
          "5": [
            0.8130267302946695,
            0.8482621585942199
          ]
        },
        "ci_level": 0.95
      },
      "semantic": {
        "n": 1500,
        "hit_rate_at": {
          "1": 0.8286666666666667,
          "3": 0.8773333333333333,
          "5": 0.8953333333333333
        },
        "ci_hit_rate_at": {
          "1": [
            0.8087642432104168,
            0.8468899161106181
          ],
          "3": [
            0.859760817130179,
            0.8929780351531998
          ],
          "5": [
            0.8788183382386793,
            0.9098285511677583
          ]
        },
        "mrr_at": {
          "1": 0.8286666666666667,
          "3": 0.8503333333333334,
          "5": 0.8546000000000002
        },
        "ci_mrr_at": {
          "1": [
            0.809591597479315,
            0.8477417358540184
          ],
          "3": [
            0.833125365700414,
            0.8675413009662528
          ],
          "5": [
            0.8378642426371367,
            0.8713357573628638
          ]
        },
        "ci_level": 0.95
      }
    },
    "batch": {
      "strict": {
        "n": 1500,
        "hit_rate_at": {
          "1": 0.7906666666666666,
          "3": 0.8606666666666667,
          "5": 0.8846666666666667
        },
        "ci_hit_rate_at": {
          "1": [
            0.7693484854944228,
            0.8104998176779328
          ],
          "3": [
            0.8422186044927191,
            0.8772720652693091
          ],
          "5": [
            0.8675097357029896,
            0.8998583168897837
          ]
        },
        "mrr_at": {
          "1": 0.7906666666666666,
          "3": 0.8217777777777777,
          "5": 0.8273444444444445
        },
        "ci_mrr_at": {
          "1": [
            0.7700712224086157,
            0.8112621109247176
          ],
          "3": [
            0.8035526813152476,
            0.8400028742403078
          ],
          "5": [
            0.8096817154621556,
            0.8450071734267335
          ]
        },
        "ci_level": 0.95
      },
      "semantic": {
        "n": 1500,
        "hit_rate_at": {
          "1": 0.8246666666666667,
          "3": 0.878,
          "5": 0.8973333333333333
        },
        "ci_hit_rate_at": {
          "1": [
            0.8046006009617649,
            0.843073994554146
          ],
          "3": [
            0.8604644521228411,
            0.8936043274613918
          ],
          "5": [
            0.8809440422040155,
            0.9116926291049844
          ]
        },
        "mrr_at": {
          "1": 0.8246666666666667,
          "3": 0.8486666666666667,
          "5": 0.8530666666666669
        },
        "ci_mrr_at": {
          "1": [
            0.8054168445813841,
            0.8439164887519492
          ],