{
  "micro_overall": {
    "strict": {
      "n": 4500,
      "hit_rate_at": {
        "1": 0.7851111111111111,
        "3": 0.856,
        "5": 0.878
      },
      "ci_hit_rate_at": {
        "1": [
          0.7728694411350518,
          0.7968664039266395
        ],
        "3": [
          0.8454381026296963,
          0.865954589333538
        ],
        "5": [
          0.8681136017984482,
          0.887241559892851
        ]
      },
      "mrr_at": {
        "1": 0.7851111111111111,
        "3": 0.8164814814814827,
        "5": 0.8215259259259267
      },
      "ci_mrr_at": {
        "1": [
          0.7731086414530465,
          0.7971135807691757
        ],
        "3": [
          0.8058329185946023,
          0.8271300443683631
        ],
        "5": [
          0.8111656426656122,
          0.8318862091862411
        ]
      },
      "ci_level": 0.95
    },
    "semantic": {
      "n": 4500,
      "hit_rate_at": {
        "1": 0.8211111111111111,
        "3": 0.8742222222222222,
        "5": 0.8937777777777778
      },
      "ci_hit_rate_at": {
        "1": [
          0.8096405906137492,
          0.8320338412756849
        ],
        "3": [
          0.8642132621855763,
          0.883592788542318
        ],
        "5": [
          0.8844367853444565,
          0.902447016252829
        ]
      },
      "mrr_at": {
        "1": 0.8211111111111111,
        "3": 0.8447407407407416,
        "5": 0.84922962962963
      },
      "ci_mrr_at": {
        "1": [
          0.8099118151305592,
          0.832310407091663
        ],
        "3": [
          0.8346874709431636,
          0.8547940105383195
        ],
        "5": [
          0.8394589984571447,
          0.8590002608021153
        ]
      },
      "ci_level": 0.95
    }
  },
  "macro_overall": {
    "strict": {
      "n_endpoints": 3,
      "hit_rate_at": {
        "1": 0.7851111111111111,
        "3": 0.8559999999999999,
        "5": 0.878
      },
      "mrr_at": {
        "1": 0.7851111111111111,
        "3": 0.8164814814814814,
        "5": 0.821525925925926
      }
    },
    "semantic": {
      "n_endpoints": 3,
      "hit_rate_at": {
        "1": 0.8211111111111111,
        "3": 0.8742222222222221,
        "5": 0.8937777777777778
      },
      "mrr_at": {
        "1": 0.8211111111111111,
        "3": 0.8447407407407407,
        "5": 0.8492296296296297
      }
    }
  },
  "per_endpoint": {
    "concept": {
      "strict": {
        "n": 1500,
        "hit_rate_at": {
          "1": 0.7846666666666666,
          "3": 0.8553333333333333,
          "5": 0.876
        },
        "ci_hit_rate_at": {
          "1": [
            0.7631511712770509,
            0.8047277861876183
          ],
          "3": [
            0.836623484344215,
            0.8722277670109811
          ],
          "5": [
            0.8583540196298282,
            0.8917249780518427
          ]
        },
        "mrr_at": {
          "1": 0.7846666666666666,
          "3": 0.8158888888888887,
          "5": 0.8206222222222223
        },
        "ci_mrr_at": {
          "1": [
            0.7638575575045763,
            0.805475775828757
          ],
          "3": [
            0.7974106441141559,
            0.8343671336636215
          ],
          "5": [
            0.8026109926017536,
            0.8386334518426909
          ]
        },
        "ci_level": 0.95
      },
      "semantic": {
        "n": 1500,
        "hit_rate_at": {
          "1": 0.8193333333333334,
          "3": 0.8733333333333333,
          "5": 0.8913333333333333
        },
        "ci_hit_rate_at": {
          "1": [
            0.799054751401322,
            0.8379804257077568
          ],
          "3": [
            0.8555422844622821,
            0.8892170040159727
          ],
          "5": [
            0.8745721264143607,
            0.9060951991869528
          ]
        },
        "mrr_at": {
          "1": 0.8193333333333334,
          "3": 0.8432222222222222,
          "5": 0.8473555555555556
        },
        "ci_mrr_at": {
          "1": [
            0.7998562203847521,
            0.8388104462819146
          ],
          "3": [
            0.8257429078099108,
            0.8607015366345336
          ],
          "5": [
            0.8303238575398288,
            0.8643872535712824
          ]
        },
        "ci_level": 0.95
      }
    },
    "search": {
      "strict": {
        "n": 1500,
        "hit_rate_at": {
          "1": 0.784,
          "3": 0.8553333333333333,
          "5": 0.8786666666666667
        },
        "ci_hit_rate_at": {
          "1": [
            0.7624629869905293,
            0.8040860431732859
          ],
          "3": [
            0.836623484344215,
            0.8722277670109811
          ],
          "5": [
            0.8611682460827104,
            0.8942304608023766
          ]
        },
        "mrr_at": {
          "1": 0.784,
          "3": 0.8158888888888889,
          "5": 0.8212222222222225
        },
        "ci_mrr_at": {
          "1": [
            0.76316755893643,
            0.8048324410635701
          ],
          "3": [
            0.7974260607101233,
            0.8343517170676544
          ],
          "5": [
            0.8032873253485776,
            0.8391571190958674
          ]
        },
        "ci_level": 0.95
      },
      "semantic": {
        "n": 1500,
        "hit_rate_at": {
          "1": 0.8233333333333334,
          "3": 0.8746666666666667,
          "5": 0.8946666666666667
        },
        "ci_hit_rate_at": {
          "1": [
            0.8032135379046681,
            0.8418012030095348
          ],
          "3": [
            0.8569478448940322,
            0.8904712981859306
          ],
          "5": [
            0.8781101604845497,
            0.9092068016210338
          ]
        },
        "mrr_at": {
          "1": 0.8233333333333334,
          "3": 0.8463333333333334,
          "5": 0.8509000000000002
        },
        "ci_mrr_at": {
          "1": [
            0.8040260837085546,
            0.8426405829581122
          ],
          "3": [
            0.8289682179163683,
            0.8636984487502984
          ],
          "5": [
            0.8340362026074739,
            0.8677637973925265
          ]
        },
        "ci_level": 0.95
      }
    },
    "batch": {
      "strict": {
        "n": 1500,
        "hit_rate_at": {
          "1": 0.7866666666666666,
          "3": 0.8573333333333333,
          "5": 0.8793333333333333
        },
        "ci_hit_rate_at": {
          "1": [
            0.7652162082400854,
            0.8066525311271461
          ],
          "3": [
            0.8387206723221904,
            0.8741203609355678
          ],
          "5": [
            0.8618722001326408,
            0.8948564340533002
          ]
        },
        "mrr_at": {
          "1": 0.7866666666666666,
          "3": 0.8176666666666665,
          "5": 0.8227333333333334
        },
        "ci_mrr_at": {
          "1": [
            0.7659280402332814,
            0.8074052931000518
          ],
          "3": [
            0.799264114124191,
            0.8360692192091421
          ],
          "5": [
            0.8048342309076172,
            0.8406324357590497
          ]
        },
        "ci_level": 0.95
      },
      "semantic": {
        "n": 1500,
        "hit_rate_at": {
          "1": 0.8206666666666667,
          "3": 0.8746666666666667,
          "5": 0.8953333333333333
        },
        "ci_hit_rate_at": {
          "1": [
            0.800440616624105,
            0.8392544150866817
          ],
          "3": [
            0.8569478448940322,
            0.8904712981859306
          ],
          "5": [
            0.8788183382386793,
            0.9098285511677583
          ]
        },
        "mrr_at": {
          "1": 0.8206666666666667,
          "3": 0.8446666666666666,
          "5": 0.8494333333333334
        },