{
  "micro_overall": {
    "strict": {
      "n": 4500,
      "hit_rate_at": {
        "1": 0.7833333333333333,
        "3": 0.8531111111111112,
        "5": 0.88
      },
      "ci_hit_rate_at": {
        "1": [
          0.7710573437268116,
          0.7951259785285716
        ],
        "3": [
          0.8424669335688431,
          0.8631529088341403
        ],
        "5": [
          0.8701796804385804,
          0.8891720694098157
        ]
      },
      "mrr_at": {
        "1": 0.7833333333333333,
        "3": 0.8143333333333347,
        "5": 0.820433333333334
      },
      "ci_mrr_at": {
        "1": [
          0.7712949704779625,
          0.7953716961887042
        ],
        "3": [
          0.8036207331450504,
          0.8250459335216189
        ],
        "5": [
          0.8100679696635179,
          0.8307986970031501
        ]
      },
      "ci_level": 0.95
    },
    "semantic": {
      "n": 4500,
      "hit_rate_at": {
        "1": 0.8168888888888889,
        "3": 0.8786666666666667,
        "5": 0.9011111111111111
      },
      "ci_hit_rate_at": {
        "1": [
          0.8053199161799762,
          0.8279172740444758
        ],
        "3": [
          0.86880220147468,
          0.887885156268985
        ],
        "5": [
          0.892044056204821,
          0.9094939019684861
        ]
      },
      "mrr_at": {
        "1": 0.8168888888888889,
        "3": 0.8440740740740753,
        "5": 0.8491407407407412
      },
      "ci_mrr_at": {
        "1": [
          0.8055873673203334,
          0.8281904104574443
        ],
        "3": [
          0.8340880357848731,
          0.8540601123632775
        ],
        "5": [
          0.8394771919128392,
          0.8588042895686432
        ]
      },
      "ci_level": 0.95
    }
  },
  "macro_overall": {
    "strict": {
      "n_endpoints": 3,
      "hit_rate_at": {
        "1": 0.7833333333333332,
        "3": 0.853111111111111,
        "5": 0.88
      },
      "mrr_at": {
        "1": 0.7833333333333332,
        "3": 0.8143333333333335,
        "5": 0.8204333333333337
      }
    },
    "semantic": {
      "n_endpoints": 3,
      "hit_rate_at": {
        "1": 0.8168888888888889,
        "3": 0.8786666666666667,
        "5": 0.9011111111111111
      },
      "mrr_at": {
        "1": 0.8168888888888889,
        "3": 0.844074074074074,
        "5": 0.849140740740741
      }
    }
  },
  "per_endpoint": {
    "concept": {
      "strict": {
        "n": 1500,
        "hit_rate_at": {
          "1": 0.7826666666666666,
          "3": 0.8526666666666667,
          "5": 0.8806666666666667
        },
        "ci_hit_rate_at": {
          "1": [
            0.7610868588509782,
            0.802802316711129
          ],
          "3": [
            0.8338290250576835,
            0.8697025170940965
          ],
          "5": [
            0.8632805930708691,
            0.8961078957167798
          ]
        },
        "mrr_at": {
          "1": 0.7826666666666666,
          "3": 0.8135555555555557,
          "5": 0.819855555555556
        },
        "ci_mrr_at": {
          "1": [
            0.7617878036781172,
            0.8035455296552161
          ],
          "3": [
            0.7949642506912948,
            0.8321468604198166
          ],
          "5": [
            0.8018849688498709,
            0.8378261422612411
          ]
        },
        "ci_level": 0.95
      },
      "semantic": {
        "n": 1500,
        "hit_rate_at": {
          "1": 0.8153333333333334,
          "3": 0.8793333333333333,
          "5": 0.9006666666666666
        },
        "ci_hit_rate_at": {
          "1": [
            0.7948994967506254,
            0.834156116553329
          ],
          "3": [
            0.8618722001326408,
            0.8948564340533002
          ],
          "5": [
            0.884490886010795,
            0.914795421802475
          ]
        },
        "mrr_at": {
          "1": 0.8153333333333334,
          "3": 0.8433333333333334,
          "5": 0.8481000000000002
        },
        "ci_mrr_at": {
          "1": [
            0.7956899130419433,
            0.8349767536247235
          ],
          "3": [
            0.826032938362472,
            0.8606337283041947
          ],
          "5": [
            0.8313248749636589,
            0.8648751250363415
          ]
        },
        "ci_level": 0.95
      }
    },
    "search": {
      "strict": {
        "n": 1500,
        "hit_rate_at": {
          "1": 0.7826666666666666,
          "3": 0.854,
          "5": 0.88
        },
        "ci_hit_rate_at": {
          "1": [
            0.7610868588509782,
            0.802802316711129
          ],
          "3": [
            0.8352260012146968,
            0.8709653955387913
          ],
          "5": [
            0.8625763154107813,
            0.8954822460760137
          ]
        },
        "mrr_at": {
          "1": 0.7826666666666666,
          "3": 0.8143333333333335,
          "5": 0.8202333333333336
        },
        "ci_mrr_at": {
          "1": [
            0.7617878036781172,
            0.8035455296552161
          ],
          "3": [
            0.7958000295928936,
            0.8328666370737733
          ],
          "5": [
            0.8022822707112031,
            0.8381843959554641
          ]
        },
        "ci_level": 0.95
      },
      "semantic": {
        "n": 1500,
        "hit_rate_at": {
          "1": 0.8166666666666667,
          "3": 0.8793333333333333,
          "5": 0.9013333333333333
        },
        "ci_hit_rate_at": {
          "1": [
            0.796284194774703,
            0.8354312731309594
          ],
          "3": [
            0.8618722001326408,
            0.8948564340533002
          ],
          "5": [
            0.8852008712037033,
            0.9154153639104207
          ]
        },
        "mrr_at": {
          "1": 0.8166666666666667,
          "3": 0.8442222222222222,
          "5": 0.8492222222222224
        },
        "ci_mrr_at": {
          "1": [
            0.7970782926779219,
            0.8362550406554115
          ],
          "3": [
            0.8269451640236682,
            0.8614992804207762
          ],
          "5": [
            0.8324966626060759,
            0.865947781838369
          ]
        },
        "ci_level": 0.95
      }
    },
    "batch": {
      "strict": {
        "n": 1500,
        "hit_rate_at": {
          "1": 0.7846666666666666,
          "3": 0.8526666666666667,
          "5": 0.8793333333333333
        },
        "ci_hit_rate_at": {
          "1": [
            0.7631511712770509,
            0.8047277861876183
          ],
          "3": [
            0.8338290250576835,
            0.8697025170940965
          ],
          "5": [
            0.8618722001326408,
            0.8948564340533002
          ]
        },
        "mrr_at": {
          "1": 0.7846666666666666,
          "3": 0.8151111111111111,
          "5": 0.8212111111111113
        },
        "ci_mrr_at": {
          "1": [
            0.7638575575045763,
            0.805475775828757
          ],
          "3": [
            0.7965591703540115,
            0.8336630518682108
          ],
          "5": [
            0.8032608525709741,
            0.8391613696512485
          ]
        },
        "ci_level": 0.95
      },
      "semantic": {
        "n": 1500,
        "hit_rate_at": {
          "1": 0.8186666666666667,
          "3": 0.8773333333333333,
          "5": 0.9013333333333333
        },
        "ci_hit_rate_at": {
          "1": [
            0.7983619661450911,
            0.8373432836631336
          ],
          "3": [
            0.859760817130179,
            0.8929780351531998
          ],
          "5": [
            0.8852008712037033,
            0.9154153639104207
          ]
        },
        "mrr_at": {
          "1": 0.8186666666666667,
          "3": 0.8446666666666667,
          "5": 0.8501000000000002
        },