{
  "micro_overall": {
    "strict": {
      "n": 4500,
      "hit_rate_at": {
        "1": 0.7644444444444445,
        "3": 0.8697777777777778,
        "5": 0.898
      },
      "ci_hit_rate_at": {
        "1": [
          0.7518236112974824,
          0.7766141561408751
        ],
        "3": [
          0.8596282698882157,
          0.8792964738239079
        ],
        "5": [
          0.8888150122505039,
          0.9065060310117636
        ]
      },
      "mrr_at": {
        "1": 0.7644444444444445,
        "3": 0.8117777777777795,
        "5": 0.8182111111111121
      },
      "ci_mrr_at": {
        "1": [
          0.752044557802602,
          0.7768443310862869
        ],
        "3": [
          0.8013498540942525,
          0.8222057014613064
        ],
        "5": [
          0.808158516502266,
          0.8282637057199582
        ]
      },
      "ci_level": 0.95
    },
    "semantic": {
      "n": 4500,
      "hit_rate_at": {
        "1": 0.8057777777777778,
        "3": 0.892,
        "5": 0.9131111111111111
      },
      "ci_hit_rate_at": {
        "1": [
          0.7939603036648687,
          0.8170736190201565
        ],
        "3": [
          0.8825946625189883,
          0.9007366162719886
        ],
        "5": [
          0.9045248263290186,
          0.9209926607868693
        ]
      },
      "mrr_at": {
        "1": 0.8057777777777778,
        "3": 0.8448518518518531,
        "5": 0.8496518518518523
      },
      "ci_mrr_at": {
        "1": [
          0.7942178484983295,
          0.8173377070572261
        ],
        "3": [
          0.8351517118378017,
          0.8545519918659045
        ],
        "5": [
          0.8402661896307758,
          0.8590375140729288
        ]
      },
      "ci_level": 0.95
    }
  },
  "macro_overall": {
    "strict": {
      "n_endpoints": 3,
      "hit_rate_at": {
        "1": 0.7644444444444445,
        "3": 0.8697777777777778,
        "5": 0.898
      },
      "mrr_at": {
        "1": 0.7644444444444445,
        "3": 0.8117777777777779,
        "5": 0.8182111111111116
      }
    },
    "semantic": {
      "n_endpoints": 3,
      "hit_rate_at": {
        "1": 0.8057777777777778,
        "3": 0.892,
        "5": 0.9131111111111111
      },
      "mrr_at": {
        "1": 0.8057777777777778,
        "3": 0.8448518518518519,
        "5": 0.849651851851852
      }
    }
  },
  "per_endpoint": {
    "concept": {
      "strict": {
        "n": 1500,
        "hit_rate_at": {
          "1": 0.7666666666666667,
          "3": 0.8713333333333333,
          "5": 0.8973333333333333
        },
        "ci_hit_rate_at": {
          "1": [
            0.7445976115974434,
            0.7873733087441671
          ],
          "3": [
            0.8534350776641477,
            0.887334428911545
          ],
          "5": [
            0.8809440422040155,
            0.9116926291049844
          ]
        },
        "mrr_at": {
          "1": 0.7666666666666667,
          "3": 0.813666666666667,
          "5": 0.8196333333333338
        },
        "ci_mrr_at": {
          "1": [
            0.7452551743076462,
            0.7880781590256872
          ],
          "3": [
            0.7956730749792617,
            0.8316602583540723
          ],
          "5": [
            0.8022453021847856,
            0.8370213644818819
          ]
        },
        "ci_level": 0.95
      },
      "semantic": {
        "n": 1500,
        "hit_rate_at": {
          "1": 0.8093333333333333,
          "3": 0.8926666666666667,
          "5": 0.912
        },
        "ci_hit_rate_at": {
          "1": [
            0.7886730444940094,
            0.8284132231022588
          ],
          "3": [
            0.8759867753352892,
            0.9073404048677323
          ],
          "5": [
            0.8965905311390097,
            0.9253045407887786
          ]
        },
        "mrr_at": {
          "1": 0.8093333333333333,
          "3": 0.847,
          "5": 0.8514666666666668
        },
        "ci_mrr_at": {
          "1": [
            0.7894469248558886,
            0.8292197418107781
          ],
          "3": [
            0.8302539567081403,
            0.8637460432918597
          ],
          "5": [
            0.8352290147229994,
            0.8677043186103343
          ]
        },
        "ci_level": 0.95
      }
    },
    "search": {
      "strict": {
        "n": 1500,
        "hit_rate_at": {
          "1": 0.7653333333333333,
          "3": 0.8673333333333333,
          "5": 0.8973333333333333
        },
        "ci_hit_rate_at": {
          "1": [
            0.7432254734427307,
            0.7860855922971718
          ],
          "3": [
            0.8492246484190266,
            0.8835652943515421
          ],
          "5": [
            0.8809440422040155,
            0.9116926291049844
          ]
        },
        "mrr_at": {
          "1": 0.7653333333333333,
          "3": 0.8113333333333335,
          "5": 0.8181666666666672
        },
        "ci_mrr_at": {
          "1": [
            0.7438794323616248,
            0.7867872343050418
          ],
          "3": [
            0.7931929677725509,
            0.829473698894116
          ],
          "5": [
            0.8007146482879929,
            0.8356186850453414
          ]
        },
        "ci_level": 0.95
      },
      "semantic": {
        "n": 1500,
        "hit_rate_at": {
          "1": 0.8053333333333333,
          "3": 0.8906666666666667,
          "5": 0.9126666666666666
        },
        "ci_hit_rate_at": {
          "1": [
            0.7845262420545702,
            0.824580461736574
          ],
          "3": [
            0.8738650797563723,
            0.9054723185440872
          ],
          "5": [
            0.8973043636615466,
            0.9259206355670956
          ]
        },
        "mrr_at": {
          "1": 0.8053333333333333,
          "3": 0.844,
          "5": 0.8489666666666669
        },
        "ci_mrr_at": {
          "1": [
            0.7852891258895476,
            0.8253775407771191
          ],
          "3": [
            0.82713402207708,
            0.86086597792292
          ],
          "5": [
            0.8326626450943814,
            0.8652706882389524
          ]
        },
        "ci_level": 0.95
      }
    },
    "batch": {
      "strict": {
        "n": 1500,
        "hit_rate_at": {
          "1": 0.7613333333333333,
          "3": 0.8706666666666667,
          "5": 0.8993333333333333
        },
        "ci_hit_rate_at": {
          "1": [
            0.7391108157756827,
            0.7822206861590957
          ],
          "3": [
            0.8527329737555582,
            0.8867066055192805
          ],
          "5": [
            0.8830715374691925,
            0.9135549157423694
          ]
        },
        "mrr_at": {
          "1": 0.7613333333333333,
          "3": 0.8103333333333335,
          "5": 0.8168333333333337
        },
        "ci_mrr_at": {
          "1": [
            0.7397539732882112,
            0.7829126933784554
          ],
          "3": [
            0.7922708754105304,
            0.8283957912561365
          ],
          "5": [
            0.7994273060084116,
            0.8342393606582559
          ]
        },
        "ci_level": 0.95
      },
      "semantic": {
        "n": 1500,
        "hit_rate_at": {
          "1": 0.8026666666666666,
          "3": 0.8926666666666667,
          "5": 0.9146666666666666
        },
        "ci_hit_rate_at": {
          "1": [
            0.781763512596548,
            0.8220234819911801
          ],
          "3": [
            0.8759867753352892,
            0.9073404048677323
          ],
          "5": [
            0.899447352930755,
            0.9277674282004496
          ]
        },
        "mrr_at": {
          "1": 0.8026666666666666,
          "3": 0.8435555555555555,
          "5": 0.8485222222222224
        },