{
  "micro_overall": {
    "strict": {
      "n": 4500,
      "hit_rate_at": {
        "1": 0.8075555555555556,
        "3": 0.8615555555555555,
        "5": 0.8833333333333333
      },
      "ci_hit_rate_at": {
        "1": [
          0.7957768393348043,
          0.8188096061565292
        ],
        "3": [
          0.8511558697149936,
          0.8713384560179541
        ],
        "5": [
          0.8736250405367513,
          0.8923876895734729
        ]
      },
      "mrr_at": {
        "1": 0.8075555555555556,
        "3": 0.832037037037038,
        "5": 0.8371259259259264
      },
      "ci_mrr_at": {
        "1": [
          0.7960359669788214,
          0.8190751441322898
        ],
        "3": [
          0.821636950641238,
          0.842437123432838
        ],
        "5": [
          0.827029669334911,
          0.8472221825169418
        ]
      },
      "ci_level": 0.95
    },
    "semantic": {
      "n": 4500,
      "hit_rate_at": {
        "1": 0.8404444444444444,
        "3": 0.8764444444444445,
        "5": 0.8953333333333333
      },
      "ci_hit_rate_at": {
        "1": [
          0.829455260021318,
          0.8508528573867188
        ],
        "3": [
          0.8665072271579294,
          0.8857394770778503
        ],
        "5": [
          0.8860492874662442,
          0.9039429715865608
        ]
      },
      "mrr_at": {
        "1": 0.8404444444444444,
        "3": 0.8566666666666674,
        "5": 0.8611000000000002
      },
      "ci_mrr_at": {
        "1": [
          0.8297438342091356,
          0.8511450546797533
        ],
        "3": [
          0.8467967678457274,
          0.8665365654876073
        ],
        "5": [
          0.8515182833073782,
          0.8706817166926222
        ]
      },
      "ci_level": 0.95
    }
  },
  "macro_overall": {
    "strict": {
      "n_endpoints": 3,
      "hit_rate_at": {
        "1": 0.8075555555555556,
        "3": 0.8615555555555555,
        "5": 0.8833333333333333
      },
      "mrr_at": {
        "1": 0.8075555555555556,
        "3": 0.832037037037037,
        "5": 0.837125925925926
      }
    },
    "semantic": {
      "n_endpoints": 3,
      "hit_rate_at": {
        "1": 0.8404444444444444,
        "3": 0.8764444444444445,
        "5": 0.8953333333333333
      },
      "mrr_at": {
        "1": 0.8404444444444444,
        "3": 0.8566666666666666,
        "5": 0.8611000000000001
      }
    }
  },
  "per_endpoint": {
    "concept": {
      "strict": {
        "n": 1500,
        "hit_rate_at": {
          "1": 0.81,
          "3": 0.862,
          "5": 0.8833333333333333
        },
        "ci_hit_rate_at": {
          "1": [
            0.7893644987685079,
            0.8290516961286144
          ],
          "3": [
            0.8436187121292765,
            0.8785318122344598
          ],
          "5": [
            0.8660993511680583,
            0.898608846823007
          ]
        },
        "mrr_at": {
          "1": 0.81,
          "3": 0.8334444444444445,
          "5": 0.8384444444444447
        },
        "ci_mrr_at": {
          "1": [
            0.7901402139806636,
            0.8298597860193365
          ],
          "3": [
            0.815457599088123,
            0.8514312898007661
          ],
          "5": [
            0.8209763064096409,
            0.8559125824792484
          ]
        },
        "ci_level": 0.95
      },
      "semantic": {
        "n": 1500,
        "hit_rate_at": {
          "1": 0.842,
          "3": 0.8766666666666667,
          "5": 0.8946666666666667
        },
        "ci_hit_rate_at": {
          "1": [
            0.8226708125158491,
            0.8595818928222665
          ],
          "3": [
            0.8590573399968796,
            0.8923515849856453
          ],
          "5": [
            0.8781101604845497,
            0.9092068016210338
          ]
        },
        "mrr_at": {
          "1": 0.842,
          "3": 0.8575555555555556,
          "5": 0.8618222222222223
        },
        "ci_mrr_at": {
          "1": [
            0.8235354025414521,
            0.8604645974585479
          ],
          "3": [
            0.8404791998091817,
            0.8746319113019295
          ],
          "5": [
            0.8452265780001864,
            0.8784178664442581
          ]
        },
        "ci_level": 0.95
      }
    },
    "search": {
      "strict": {
        "n": 1500,
        "hit_rate_at": {
          "1": 0.808,
          "3": 0.862,
          "5": 0.884
        },
        "ci_hit_rate_at": {
          "1": [
            0.7872904121388505,
            0.8271360008557097
          ],
          "3": [
            0.8436187121292765,
            0.8785318122344598
          ],
          "5": [
            0.8668044586109821,
            0.8992336666809372
          ]
        },
        "mrr_at": {
          "1": 0.808,
          "3": 0.8325555555555555,
          "5": 0.8376555555555556
        },
        "ci_mrr_at": {
          "1": [
            0.7880606246120754,
            0.8279393753879247
          ],
          "3": [
            0.8145634761207204,
            0.8505476349903905
          ],
          "5": [
            0.8201928088288364,
            0.8551183022822748
          ]
        },
        "ci_level": 0.95
      },
      "semantic": {
        "n": 1500,
        "hit_rate_at": {
          "1": 0.84,
          "3": 0.8766666666666667,
          "5": 0.8966666666666666
        },
        "ci_hit_rate_at": {
          "1": [
            0.8205820026242653,
            0.8576809208112882
          ],
          "3": [
            0.8590573399968796,
            0.8923515849856453
          ],
          "5": [
            0.8802352774466673,
            0.9110714665614783
          ]
        },
        "mrr_at": {
          "1": 0.84,
          "3": 0.8564444444444443,
          "5": 0.8610777777777778
        },
        "ci_mrr_at": {
          "1": [
            0.8214409864309432,
            0.8585590135690567
          ],
          "3": [
            0.8393447037515696,
            0.8735441851373191
          ],
          "5": [
            0.8445010605288609,
            0.8776544950266948
          ]
        },
        "ci_level": 0.95
      }
    },
    "batch": {
      "strict": {
        "n": 1500,
        "hit_rate_at": {
          "1": 0.8046666666666666,
          "3": 0.8606666666666667,
          "5": 0.8826666666666667
        },
        "ci_hit_rate_at": {
          "1": [
            0.7838354255027496,
            0.8239413509875405
          ],
          "3": [
            0.8422186044927191,
            0.8772720652693091
          ],
          "5": [
            0.8653944121203724,
            0.8979838585698389
          ]
        },
        "mrr_at": {
          "1": 0.8046666666666666,
          "3": 0.830111111111111,
          "5": 0.8352777777777778
        },
        "ci_mrr_at": {
          "1": [
            0.7845964786433625,
            0.8247368546899708
          ],
          "3": [
            0.8120381393099885,
            0.8481840829122336
          ],
          "5": [
            0.8177358198902307,
            0.8528197356653249
          ]
        },
        "ci_level": 0.95
      },
      "semantic": {
        "n": 1500,
        "hit_rate_at": {
          "1": 0.8393333333333334,
          "3": 0.876,
          "5": 0.8946666666666667
        },
        "ci_hit_rate_at": {
          "1": [
            0.819885960050615,
            0.8570470360840845
          ],
          "3": [
            0.8583540196298282,
            0.8917249780518427
          ],
          "5": [
            0.8781101604845497,
            0.9092068016210338
          ]
        },
        "mrr_at": {
          "1": 0.8393333333333334,
          "3": 0.856,
          "5": 0.8604
        },
        "ci_mrr_at": {
          "1": [
            0.8207430768245664,
            0.8579235898421004
          ],