{
  "micro_overall": {
    "strict": {
      "n": 4500,
      "hit_rate_at": {
        "1": 0.7955555555555556,
        "3": 0.8555555555555555,
        "5": 0.8806666666666667
      },
      "ci_hit_rate_at": {
        "1": [
          0.7835223300391503,
          0.8070845865096024
        ],
        "3": [
          0.8449809091166999,
          0.8655236521449573
        ],
        "5": [
          0.8708685610627918,
          0.88981538483797
        ]
      },
      "mrr_at": {
        "1": 0.7955555555555556,
        "3": 0.8218888888888901,
        "5": 0.8276222222222228
      },
      "ci_mrr_at": {
        "1": [
          0.7837707888918102,
          0.807340322219301
        ],
        "3": [
          0.8112723531359463,
          0.832505424641834
        ],
        "5": [
          0.8173379406394982,
          0.8379065038049475
        ]
      },
      "ci_level": 0.95
    },
    "semantic": {
      "n": 4500,
      "hit_rate_at": {
        "1": 0.8282222222222222,
        "3": 0.8788888888888889,
        "5": 0.9008888888888889
      },
      "ci_hit_rate_at": {
        "1": [
          0.8169227675645045,
          0.8389617555501627
        ],
        "3": [
          0.8690317553302951,
          0.8880996677641584
        ],
        "5": [
          0.8918133236700485,
          0.9092805691524699
        ]
      },
      "mrr_at": {
        "1": 0.8282222222222222,
        "3": 0.8498888888888901,
        "5": 0.8549444444444452
      },
      "ci_mrr_at": {
        "1": [
          0.8172003593282392,
          0.8392440851162052
        ],
        "3": [
          0.8399570236348579,
          0.8598207541429224
        ],
        "5": [
          0.8453378957607585,
          0.8645509931281319
        ]
      },
      "ci_level": 0.95
    }
  },
  "macro_overall": {
    "strict": {
      "n_endpoints": 3,
      "hit_rate_at": {
        "1": 0.7955555555555556,
        "3": 0.8555555555555555,
        "5": 0.8806666666666666
      },
      "mrr_at": {
        "1": 0.7955555555555556,
        "3": 0.8218888888888891,
        "5": 0.8276222222222224
      }
    },
    "semantic": {
      "n_endpoints": 3,
      "hit_rate_at": {
        "1": 0.8282222222222222,
        "3": 0.8788888888888889,
        "5": 0.9008888888888889
      },
      "mrr_at": {
        "1": 0.8282222222222222,
        "3": 0.8498888888888888,
        "5": 0.8549444444444445
      }
    }
  },
  "per_endpoint": {
    "concept": {
      "strict": {
        "n": 1500,
        "hit_rate_at": {
          "1": 0.7966666666666666,
          "3": 0.8553333333333333,
          "5": 0.8813333333333333
        },
        "ci_hit_rate_at": {
          "1": [
            0.7755525259682378,
            0.816265122911804
          ],
          "3": [
            0.836623484344215,
            0.8722277670109811
          ],
          "5": [
            0.8639850342825302,
            0.8967333818059731
          ]
        },
        "mrr_at": {
          "1": 0.7966666666666666,
          "3": 0.8224444444444446,
          "5": 0.8283111111111114
        },
        "ci_mrr_at": {
          "1": [
            0.7762916549012716,
            0.8170416784320617
          ],
          "3": [
            0.8040549828824497,
            0.8408339060064396
          ],
          "5": [
            0.8105125889316785,
            0.8461096332905443
          ]
        },
        "ci_level": 0.95
      },
      "semantic": {
        "n": 1500,
        "hit_rate_at": {
          "1": 0.828,
          "3": 0.8786666666666667,
          "5": 0.902
        },
        "ci_hit_rate_at": {
          "1": [
            0.8080700445991538,
            0.8462541874210272
          ],
          "3": [
            0.8611682460827104,
            0.8942304608023766
          ],
          "5": [
            0.885911066153485,
            0.9160350962614929
          ]
        },
        "mrr_at": {
          "1": 0.828,
          "3": 0.8498888888888888,
          "5": 0.855188888888889
        },
        "ci_mrr_at": {
          "1": [
            0.8088955452700942,
            0.8471044547299057
          ],
          "3": [
            0.8326853271934092,
            0.8670924505843685
          ],
          "5": [
            0.8385778902715919,
            0.8717998875061861
          ]
        },
        "ci_level": 0.95
      }
    },
    "search": {
      "strict": {
        "n": 1500,
        "hit_rate_at": {
          "1": 0.7933333333333333,
          "3": 0.856,
          "5": 0.8793333333333333
        },
        "ci_hit_rate_at": {
          "1": [
            0.7721049937187818,
            0.8130630186569898
          ],
          "3": [
            0.8373224178290414,
            0.8728587608270088
          ],
          "5": [
            0.8618722001326408,
            0.8948564340533002
          ]
        },
        "mrr_at": {
          "1": 0.7933333333333333,
          "3": 0.8207777777777778,
          "5": 0.8261111111111114
        },
        "ci_mrr_at": {
          "1": [
            0.7728350107442171,
            0.8138316559224495
          ],
          "3": [
            0.8023794276433234,
            0.8391761279122323
          ],
          "5": [
            0.8082463372474521,
            0.8439758849747706
          ]
        },
        "ci_level": 0.95
      },
      "semantic": {
        "n": 1500,
        "hit_rate_at": {
          "1": 0.8273333333333334,
          "3": 0.88,
          "5": 0.9
        },
        "ci_hit_rate_at": {
          "1": [
            0.8073759499103,
            0.8456183548090269
          ],
          "3": [
            0.8625763154107813,
            0.8954822460760137
          ],
          "5": [
            0.8837811087105378,
            0.9141752718018781
          ]
        },
        "mrr_at": {
          "1": 0.8273333333333334,
          "3": 0.8496666666666666,
          "5": 0.8542666666666666
        },
        "ci_mrr_at": {
          "1": [
            0.8081995977197793,
            0.8464670689468874
          ],
          "3": [
            0.8324818814710134,
            0.8668514518623197
          ],
          "5": [
            0.8375941821311584,
            0.8709391512021748
          ]
        },
        "ci_level": 0.95
      }
    },
    "batch": {
      "strict": {
        "n": 1500,
        "hit_rate_at": {
          "1": 0.7966666666666666,
          "3": 0.8553333333333333,
          "5": 0.8813333333333333
        },
        "ci_hit_rate_at": {
          "1": [
            0.7755525259682378,
            0.816265122911804
          ],
          "3": [
            0.836623484344215,
            0.8722277670109811
          ],
          "5": [
            0.8639850342825302,
            0.8967333818059731
          ]
        },
        "mrr_at": {
          "1": 0.7966666666666666,
          "3": 0.8224444444444445,
          "5": 0.8284444444444446
        },
        "ci_mrr_at": {
          "1": [
            0.7762916549012716,
            0.8170416784320617
          ],
          "3": [
            0.8040549828824496,
            0.8408339060064395
          ],
          "5": [
            0.8106575099321008,
            0.8462313789567885
          ]
        },
        "ci_level": 0.95
      },
      "semantic": {
        "n": 1500,
        "hit_rate_at": {
          "1": 0.8293333333333334,
          "3": 0.878,
          "5": 0.9006666666666666
        },
        "ci_hit_rate_at": {
          "1": [
            0.809458546222956,
            0.847525540398933
          ],
          "3": [
            0.8604644521228411,
            0.8936043274613918
          ],
          "5": [
            0.884490886010795,
            0.914795421802475
          ]
        },
        "mrr_at": {
          "1": 0.8293333333333334,
          "3": 0.850111111111111,
          "5": 0.8553777777777778
        },