{
  "micro_overall": {
    "strict": {
      "n": 4500,
      "hit_rate_at": {
        "1": 0.8091111111111111,
        "3": 0.8606666666666667,
        "5": 0.8826666666666667
      },
      "ci_hit_rate_at": {
        "1": [
          0.7973666163864922,
          0.820328286560361
        ],
        "3": [
          0.8502406671719587,
          0.8704773971578348
        ],
        "5": [
          0.8729357757190291,
          0.8917447583388295
        ]
      },
      "mrr_at": {
        "1": 0.8091111111111111,
        "3": 0.8322962962962972,
        "5": 0.837418518518519
      },
      "ci_mrr_at": {
        "1": [
          0.7976271296592883,
          0.820595092562934
        ],
        "3": [
          0.8218777030103774,
          0.842714889582217
        ],
        "5": [
          0.8273055029252687,
          0.8475315341117693
        ]
      },
      "ci_level": 0.95
    },
    "semantic": {
      "n": 4500,
      "hit_rate_at": {
        "1": 0.8408888888888889,
        "3": 0.8757777777777778,
        "5": 0.8951111111111111
      },
      "ci_hit_rate_at": {
        "1": [
          0.8299113928230775,
          0.8512848552865364
        ],
        "3": [
          0.865818932743819,
          0.8850955754395948
        ],
        "5": [
          0.8858188927053374,
          0.9037293009966791
        ]
      },
      "mrr_at": {
        "1": 0.8408888888888889,
        "3": 0.8564444444444451,
        "5": 0.860966666666667
      },
      "ci_mrr_at": {
        "1": [
          0.8302003673678441,
          0.8515774104099337
        ],
        "3": [
          0.8465548935333002,
          0.8663339953555901
        ],
        "5": [
          0.8513706371107679,
          0.8705626962225661
        ]
      },
      "ci_level": 0.95
    }
  },
  "macro_overall": {
    "strict": {
      "n_endpoints": 3,
      "hit_rate_at": {
        "1": 0.8091111111111111,
        "3": 0.8606666666666666,
        "5": 0.8826666666666667
      },
      "mrr_at": {
        "1": 0.8091111111111111,
        "3": 0.8322962962962963,
        "5": 0.8374185185185187
      }
    },
    "semantic": {
      "n_endpoints": 3,
      "hit_rate_at": {
        "1": 0.8408888888888889,
        "3": 0.8757777777777779,
        "5": 0.8951111111111111
      },
      "mrr_at": {
        "1": 0.8408888888888889,
        "3": 0.8564444444444445,
        "5": 0.8609666666666668
      }
    }
  },
  "per_endpoint": {
    "concept": {
      "strict": {
        "n": 1500,
        "hit_rate_at": {
          "1": 0.808,
          "3": 0.8586666666666667,
          "5": 0.8806666666666667
        },
        "ci_hit_rate_at": {
          "1": [
            0.7872904121388505,
            0.8271360008557097
          ],
          "3": [
            0.8401194485240965,
            0.8753814393353697
          ],
          "5": [
            0.8632805930708691,
            0.8961078957167798
          ]
        },
        "mrr_at": {
          "1": 0.808,
          "3": 0.8306666666666667,
          "5": 0.8358000000000002
        },
        "ci_mrr_at": {
          "1": [
            0.7880606246120754,
            0.8279393753879247
          ],
          "3": [
            0.8125240094606262,
            0.8488093238727071
          ],
          "5": [
            0.818183711113709,
            0.8534162888862914
          ]
        },
        "ci_level": 0.95
      },
      "semantic": {
        "n": 1500,
        "hit_rate_at": {
          "1": 0.84,
          "3": 0.8746666666666667,
          "5": 0.8946666666666667
        },
        "ci_hit_rate_at": {
          "1": [
            0.8205820026242653,
            0.8576809208112882
          ],
          "3": [
            0.8569478448940322,
            0.8904712981859306
          ],
          "5": [
            0.8781101604845497,
            0.9092068016210338
          ]
        },
        "mrr_at": {
          "1": 0.84,
          "3": 0.8554444444444443,
          "5": 0.8601111111111112
        },
        "ci_mrr_at": {
          "1": [
            0.8214409864309432,
            0.8585590135690567
          ],
          "3": [
            0.8382541294230985,
            0.8726347594657902
          ],
          "5": [
            0.8434435199548771,
            0.8767787022673452
          ]
        },
        "ci_level": 0.95
      }
    },
    "search": {
      "strict": {
        "n": 1500,
        "hit_rate_at": {
          "1": 0.8106666666666666,
          "3": 0.862,
          "5": 0.884
        },
        "ci_hit_rate_at": {
          "1": [
            0.790056045599465,
            0.8296900765985114
          ],
          "3": [
            0.8436187121292765,
            0.8785318122344598
          ],
          "5": [
            0.8668044586109821,
            0.8992336666809372
          ]
        },
        "mrr_at": {
          "1": 0.8106666666666666,
          "3": 0.8340000000000002,
          "5": 0.8391000000000001
        },
        "ci_mrr_at": {
          "1": [
            0.7908335962711514,
            0.8304997370621819
          ],
          "3": [
            0.81603034407385,
            0.8519696559261504
          ],
          "5": [
            0.8216614399466212,
            0.8565385600533789
          ]
        },
        "ci_level": 0.95
      },
      "semantic": {
        "n": 1500,
        "hit_rate_at": {
          "1": 0.842,
          "3": 0.8766666666666667,
          "5": 0.8953333333333333
        },
        "ci_hit_rate_at": {
          "1": [
            0.8226708125158491,
            0.8595818928222665
          ],
          "3": [
            0.8590573399968796,
            0.8923515849856453
          ],
          "5": [
            0.8788183382386793,
            0.9098285511677583
          ]
        },
        "mrr_at": {
          "1": 0.842,
          "3": 0.8575555555555556,
          "5": 0.8619222222222223
        },
        "ci_mrr_at": {
          "1": [
            0.8235354025414521,
            0.8604645974585479
          ],
          "3": [
            0.8404791998091817,
            0.8746319113019295
          ],
          "5": [
            0.8453389912571868,
            0.8785054531872577
          ]
        },
        "ci_level": 0.95
      }
    },
    "batch": {
      "strict": {
        "n": 1500,
        "hit_rate_at": {
          "1": 0.8086666666666666,
          "3": 0.8613333333333333,
          "5": 0.8833333333333333
        },
        "ci_hit_rate_at": {
          "1": [
            0.7879816824062745,
            0.8277746578891397
          ],
          "3": [
            0.8429185907427429,
            0.8779020063201394
          ],
          "5": [
            0.8660993511680583,
            0.898608846823007
          ]
        },
        "mrr_at": {
          "1": 0.8086666666666666,
          "3": 0.8322222222222222,
          "5": 0.8373555555555557
        },
        "ci_mrr_at": {
          "1": [
            0.7887537285231534,
            0.8285796048101799
          ],
          "3": [
            0.8141867169844944,
            0.85025772745995
          ],
          "5": [
            0.819850809218044,
            0.8548603018930675
          ]
        },
        "ci_level": 0.95
      },
      "semantic": {
        "n": 1500,
        "hit_rate_at": {
          "1": 0.8406666666666667,
          "3": 0.876,
          "5": 0.8953333333333333
        },
        "ci_hit_rate_at": {
          "1": [
            0.8212781585096505,
            0.858314692226757
          ],
          "3": [
            0.8583540196298282,
            0.8917249780518427
          ],
          "5": [
            0.8788183382386793,
            0.9098285511677583
          ]
        },
        "mrr_at": {
          "1": 0.8406666666666667,
          "3": 0.8563333333333333,
          "5": 0.8608666666666668
        },