{
  "micro_overall": {
    "strict": {
      "n": 4500,
      "hit_rate_at": {
        "1": 0.8053333333333333,
        "3": 0.8608888888888889,
        "5": 0.8822222222222222
      },
      "ci_hit_rate_at": {
        "1": [
          0.793506228043714,
          0.8166395639397341
        ],
        "3": [
          0.850469454769596,
          0.8706926749109861
        ],
        "5": [
          0.8724763198320192,
          0.8913160835242623
        ]
      },
      "mrr_at": {
        "1": 0.8053333333333333,
        "3": 0.8303333333333343,
        "5": 0.8352222222222225
      },
      "ci_mrr_at": {
        "1": [
          0.7937633773005275,
          0.8169032893661392
        ],
        "3": [
          0.819901161147308,
          0.8407655055193605
        ],
        "5": [
          0.8250809671549145,
          0.8453634772895305
        ]
      },
      "ci_level": 0.95
    },
    "semantic": {
      "n": 4500,
      "hit_rate_at": {
        "1": 0.838,
        "3": 0.8766666666666667,
        "5": 0.8948888888888888
      },
      "ci_hit_rate_at": {
        "1": [
          0.826947050947904,
          0.848476347601459
        ],
        "3": [
          0.8667366787834533,
          0.8859540908031148
        ],
        "5": [
          0.8855885104405888,
          0.9035156179106393
        ]
      },
      "mrr_at": {
        "1": 0.838,
        "3": 0.8551481481481488,
        "5": 0.8593259259259262
      },
      "ci_mrr_at": {
        "1": [
          0.8272334244715039,
          0.848766575528496
        ],
        "3": [
          0.8452574155897714,
          0.8650388807065261
        ],
        "5": [
          0.8497062671672524,
          0.8689455846845999
        ]
      },
      "ci_level": 0.95
    }
  },
  "macro_overall": {
    "strict": {
      "n_endpoints": 3,
      "hit_rate_at": {
        "1": 0.8053333333333335,
        "3": 0.8608888888888889,
        "5": 0.8822222222222221
      },
      "mrr_at": {
        "1": 0.8053333333333335,
        "3": 0.8303333333333334,
        "5": 0.8352222222222223
      }
    },
    "semantic": {
      "n_endpoints": 3,
      "hit_rate_at": {
        "1": 0.8380000000000001,
        "3": 0.8766666666666666,
        "5": 0.894888888888889
      },
      "mrr_at": {
        "1": 0.8380000000000001,
        "3": 0.8551481481481481,
        "5": 0.8593259259259262
      }
    }
  },
  "per_endpoint": {
    "concept": {
      "strict": {
        "n": 1500,
        "hit_rate_at": {
          "1": 0.81,
          "3": 0.8673333333333333,
          "5": 0.886
        },
        "ci_hit_rate_at": {
          "1": [
            0.7893644987685079,
            0.8290516961286144
          ],
          "3": [
            0.8492246484190266,
            0.8835652943515421
          ],
          "5": [
            0.8689208039392852,
            0.9011071032551962
          ]
        },
        "mrr_at": {
          "1": 0.81,
          "3": 0.8358888888888888,
          "5": 0.840188888888889
        },
        "ci_mrr_at": {
          "1": [
            0.7901402139806636,
            0.8298597860193365
          ],
          "3": [
            0.8181121791251801,
            0.8536655986525975
          ],
          "5": [
            0.8228652578837987,
            0.8575125198939793
          ]
        },
        "ci_level": 0.95
      },
      "semantic": {
        "n": 1500,
        "hit_rate_at": {
          "1": 0.8413333333333334,
          "3": 0.8813333333333333,
          "5": 0.8973333333333333
        },
        "ci_hit_rate_at": {
          "1": [
            0.8219744282803282,
            0.8589483497569333
          ],
          "3": [
            0.8639850342825302,
            0.8967333818059731
          ],
          "5": [
            0.8809440422040155,
            0.9116926291049844
          ]
        },
        "mrr_at": {
          "1": 0.8413333333333334,
          "3": 0.859111111111111,
          "5": 0.8628111111111113
        },
        "ci_mrr_at": {
          "1": [
            0.8228371487057226,
            0.8598295179609442
          ],
          "3": [
            0.8422138418803744,
            0.8760083803418477
          ],
          "5": [
            0.8463366830574408,
            0.8792855391647818
          ]
        },
        "ci_level": 0.95
      }
    },
    "search": {
      "strict": {
        "n": 1500,
        "hit_rate_at": {
          "1": 0.8013333333333333,
          "3": 0.8533333333333334,
          "5": 0.8766666666666667
        },
        "ci_hit_rate_at": {
          "1": [
            0.7803826812055272,
            0.8207444587804928
          ],
          "3": [
            0.8345274501216318,
            0.8703340193310023
          ],
          "5": [
            0.8590573399968796,
            0.8923515849856453
          ]
        },
        "mrr_at": {
          "1": 0.8013333333333333,
          "3": 0.824888888888889,
          "5": 0.8302222222222223
        },
        "ci_mrr_at": {
          "1": [
            0.7811345894822576,
            0.8215320771844091
          ],
          "3": [
            0.8065064586632812,
            0.8432713191144968
          ],
          "5": [
            0.8123769927170749,
            0.8480674517273697
          ]
        },
        "ci_level": 0.95
      },
      "semantic": {
        "n": 1500,
        "hit_rate_at": {
          "1": 0.8353333333333334,
          "3": 0.8713333333333333,
          "5": 0.8913333333333333
        },
        "ci_hit_rate_at": {
          "1": [
            0.8157120527698707,
            0.8532413795597047
          ],
          "3": [
            0.8534350776641477,
            0.887334428911545
          ],
          "5": [
            0.8745721264143607,
            0.9060951991869528
          ]
        },
        "mrr_at": {
          "1": 0.8353333333333334,
          "3": 0.8512222222222223,
          "5": 0.855788888888889
        },
        "ci_mrr_at": {
          "1": [
            0.8165579847873412,
            0.8541086818793255
          ],
          "3": [
            0.833832738286675,
            0.8686117061577696
          ],
          "5": [
            0.8389033877728873,
            0.8726743900048908
          ]
        },
        "ci_level": 0.95
      }
    },
    "batch": {
      "strict": {
        "n": 1500,
        "hit_rate_at": {
          "1": 0.8046666666666666,
          "3": 0.862,
          "5": 0.884
        },
        "ci_hit_rate_at": {
          "1": [
            0.7838354255027496,
            0.8239413509875405
          ],
          "3": [
            0.8436187121292765,
            0.8785318122344598
          ],
          "5": [
            0.8668044586109821,
            0.8992336666809372
          ]
        },
        "mrr_at": {
          "1": 0.8046666666666666,
          "3": 0.8302222222222223,
          "5": 0.8352555555555556
        },
        "ci_mrr_at": {
          "1": [
            0.7845964786433625,
            0.8247368546899708
          ],
          "3": [
            0.8121715348789721,
            0.8482729095654725
          ],
          "5": [
            0.8177247413637438,
            0.8527863697473674
          ]
        },
        "ci_level": 0.95
      },
      "semantic": {
        "n": 1500,
        "hit_rate_at": {
          "1": 0.8373333333333334,
          "3": 0.8773333333333333,
          "5": 0.896
        },
        "ci_hit_rate_at": {
          "1": [
            0.8177985065526114,
            0.855144707679526
          ],
          "3": [
            0.859760817130179,
            0.8929780351531998
          ],
          "5": [
            0.8795267100131401,
            0.9104501066941515
          ]
        },
        "mrr_at": {
          "1": 0.8373333333333334,
          "3": 0.8551111111111112,
          "5": 0.859377777777778
        },