{
  "micro_overall": {
    "strict": {
      "n": 4500,
      "hit_rate_at": {
        "1": 0.7408888888888889,
        "3": 0.8791111111111111,
        "5": 0.9068888888888889
      },
      "ci_hit_rate_at": {
        "1": [
          0.7278854805588117,
          0.7534813596959611
        ],
        "3": [
          0.8692613195417038,
          0.8883141689035381
        ],
        "5": [
          0.8980479675683568,
          0.9150356897254521
        ]
      },
      "mrr_at": {
        "1": 0.7408888888888889,
        "3": 0.8038518518518537,
        "5": 0.8101518518518528
      },
      "ci_mrr_at": {
        "1": [
          0.7280857152957773,
          0.7536920624820006
        ],
        "3": [
          0.7935560655080978,
          0.8141476381956096
        ],
        "5": [
          0.8002243349862584,
          0.8200793687174471
        ]
      },
      "ci_level": 0.95
    },
    "semantic": {
      "n": 4500,
      "hit_rate_at": {
        "1": 0.7833333333333333,
        "3": 0.894,
        "5": 0.9177777777777778
      },
      "ci_hit_rate_at": {
        "1": [
          0.7710573437268116,
          0.7951259785285716
        ],
        "3": [
          0.8846671056481267,
          0.9026607612999472
        ],
        "5": [
          0.9093906841628403,
          0.925452175319607
        ]
      },
      "mrr_at": {
        "1": 0.7833333333333333,
        "3": 0.8343333333333346,
        "5": 0.8397000000000004
      },
      "ci_mrr_at": {
        "1": [
          0.7712949704779625,
          0.7953716961887042
        ],
        "3": [
          0.8245856739404943,
          0.8440809927261749
        ],
        "5": [
          0.8302982668590425,
          0.8491017331409584
        ]
      },
      "ci_level": 0.95
    }
  },
  "macro_overall": {
    "strict": {
      "n_endpoints": 3,
      "hit_rate_at": {
        "1": 0.7408888888888888,
        "3": 0.8791111111111111,
        "5": 0.906888888888889
      },
      "mrr_at": {
        "1": 0.7408888888888888,
        "3": 0.803851851851852,
        "5": 0.8101518518518521
      }
    },
    "semantic": {
      "n_endpoints": 3,
      "hit_rate_at": {
        "1": 0.7833333333333333,
        "3": 0.8940000000000001,
        "5": 0.9177777777777778
      },
      "mrr_at": {
        "1": 0.7833333333333333,
        "3": 0.8343333333333334,
        "5": 0.8397000000000002
      }
    }
  },
  "per_endpoint": {
    "concept": {
      "strict": {
        "n": 1500,
        "hit_rate_at": {
          "1": 0.7426666666666667,
          "3": 0.8806666666666667,
          "5": 0.9073333333333333
        },
        "ci_hit_rate_at": {
          "1": [
            0.7199427690382393,
            0.7641507684726264
          ],
          "3": [
            0.8632805930708691,
            0.8961078957167798
          ],
          "5": [
            0.8916004113532313,
            0.9209851694685788
          ]
        },
        "mrr_at": {
          "1": 0.7426666666666667,
          "3": 0.8054444444444446,
          "5": 0.8115111111111115
        },
        "ci_mrr_at": {
          "1": [
            0.7205357071555438,
            0.7647976261777896
          ],
          "3": [
            0.7876726049132687,
            0.8232162839756205
          ],
          "5": [
            0.7943565781241655,
            0.8286656440980575
          ]
        },
        "ci_level": 0.95
      },
      "semantic": {
        "n": 1500,
        "hit_rate_at": {
          "1": 0.7853333333333333,
          "3": 0.8953333333333333,
          "5": 0.918
        },
        "ci_hit_rate_at": {
          "1": [
            0.7638394360662495,
            0.805369448699274
          ],
          "3": [
            0.8788183382386793,
            0.9098285511677583
          ],
          "5": [
            0.903024133692359,
            0.9308402839431156
          ]
        },
        "mrr_at": {
          "1": 0.7853333333333333,
          "3": 0.836,
          "5": 0.8411333333333336
        },
        "ci_mrr_at": {
          "1": [
            0.7645476370604137,
            0.8061190296062529
          ],
          "3": [
            0.8191850868454363,
            0.8528149131545636
          ],
          "5": [
            0.8248947011247232,
            0.8573719655419441
          ]
        },
        "ci_level": 0.95
      }
    },
    "search": {
      "strict": {
        "n": 1500,
        "hit_rate_at": {
          "1": 0.7386666666666667,
          "3": 0.8786666666666667,
          "5": 0.9053333333333333
        },
        "ci_hit_rate_at": {
          "1": [
            0.7158422946323423,
            0.7602716790733993
          ],
          "3": [
            0.8611682460827104,
            0.8942304608023766
          ],
          "5": [
            0.8894652547291636,
            0.9191305441900844
          ]
        },
        "mrr_at": {
          "1": 0.7386666666666667,
          "3": 0.8025555555555557,
          "5": 0.8086222222222225
        },
        "ci_mrr_at": {
          "1": [
            0.7164245092764876,
            0.7609088240568458
          ],
          "3": [
            0.7846946819441173,
            0.8204164291669941
          ],
          "5": [
            0.7913728640353742,
            0.8258715804090707
          ]
        },
        "ci_level": 0.95
      },
      "semantic": {
        "n": 1500,
        "hit_rate_at": {
          "1": 0.782,
          "3": 0.894,
          "5": 0.9166666666666666
        },
        "ci_hit_rate_at": {
          "1": [
            0.7603989144659634,
            0.8021603337952897
          ],
          "3": [
            0.8774021751374683,
            0.9085848596672612
          ],
          "5": [
            0.9015926350828226,
            0.9296119279509439
          ]
        },
        "mrr_at": {
          "1": 0.782,
          "3": 0.8336666666666667,
          "5": 0.8388333333333333
        },
        "ci_mrr_at": {
          "1": [
            0.7610980464507551,
            0.802901953549245
          ],
          "3": [
            0.8167709750441157,
            0.8505623582892177
          ],
          "5": [
            0.8225124023515973,
            0.8551542643150694
          ]
        },
        "ci_level": 0.95
      }
    },
    "batch": {
      "strict": {
        "n": 1500,
        "hit_rate_at": {
          "1": 0.7413333333333333,
          "3": 0.878,
          "5": 0.908
        },
        "ci_hit_rate_at": {
          "1": [
            0.7185756781600747,
            0.7628580047490829
          ],
          "3": [
            0.8604644521228411,
            0.8936043274613918
          ],
          "5": [
            0.8923125834071463,
            0.9216029247155179
          ]
        },
        "mrr_at": {
          "1": 0.7413333333333333,
          "3": 0.8035555555555557,
          "5": 0.8103222222222227
        },
        "ci_mrr_at": {
          "1": [
            0.7191650403648912,
            0.7635016263017754
          ],
          "3": [
            0.7856783878370376,
            0.8214327232740738
          ],
          "5": [
            0.7931301996560479,
            0.8275142447883975
          ]
        },
        "ci_level": 0.95
      },
      "semantic": {
        "n": 1500,
        "hit_rate_at": {
          "1": 0.7826666666666666,
          "3": 0.8926666666666667,
          "5": 0.9186666666666666
        },
        "ci_hit_rate_at": {
          "1": [
            0.7610868588509782,
            0.802802316711129
          ],
          "3": [
            0.8759867753352892,
            0.9073404048677323
          ],
          "5": [
            0.9037402847727123,
            0.9314540601636163
          ]
        },
        "mrr_at": {
          "1": 0.7826666666666666,
          "3": 0.8333333333333335,
          "5": 0.8391333333333338
        },