{
  "micro_overall": {
    "strict": {
      "n": 4500,
      "hit_rate_at": {
        "1": 0.6293333333333333,
        "3": 0.808,
        "5": 0.864
      },
      "ci_hit_rate_at": {
        "1": [
          0.6151168204875139,
          0.6433292136714139
        ],
        "3": [
          0.796231031854691,
          0.8192435443382196
        ],
        "5": [
          0.8536734006148122,
          0.8737056439768093
        ]
      },
      "mrr_at": {
        "1": 0.6293333333333333,
        "3": 0.7092222222222242,
        "5": 0.7221222222222232
      },
      "ci_mrr_at": {
        "1": [
          0.6152199801866569,
          0.6434466864800097
        ],
        "3": [
          0.6974198417540793,
          0.721024602690369
        ],
        "5": [
          0.7108929844182242,
          0.7333514600262222
        ]
      },
      "ci_level": 0.95
    },
    "semantic": {
      "n": 4500,
      "hit_rate_at": {
        "1": 0.6853333333333333,
        "3": 0.842,
        "5": 0.8886666666666667
      },
      "ci_hit_rate_at": {
        "1": [
          0.6716117968043367,
          0.6987387057533021
        ],
        "3": [
          0.8310518537253607,
          0.8523647211381958
        ],
        "5": [
          0.8791427436151601,
          0.8975275549139888
        ]
      },
      "mrr_at": {
        "1": 0.6853333333333333,
        "3": 0.7552222222222245,
        "5": 0.7659888888888903
      },
      "ci_mrr_at": {
        "1": [
          0.6717635044137603,
          0.6989031622529064
        ],
        "3": [
          0.7440147443004776,
          0.7664297001439713
        ],
        "5": [
          0.7553227238303006,
          0.7766550539474799
        ]
      },
      "ci_level": 0.95
    }
  },
  "macro_overall": {
    "strict": {
      "n_endpoints": 3,
      "hit_rate_at": {
        "1": 0.6293333333333333,
        "3": 0.8080000000000002,
        "5": 0.864
      },
      "mrr_at": {
        "1": 0.6293333333333333,
        "3": 0.7092222222222228,
        "5": 0.722122222222223
      }
    },
    "semantic": {
      "n_endpoints": 3,
      "hit_rate_at": {
        "1": 0.6853333333333333,
        "3": 0.842,
        "5": 0.8886666666666668
      },
      "mrr_at": {
        "1": 0.6853333333333333,
        "3": 0.7552222222222224,
        "5": 0.7659888888888894
      }
    }
  },
  "per_endpoint": {
    "concept": {
      "strict": {
        "n": 1500,
        "hit_rate_at": {
          "1": 0.6293333333333333,
          "3": 0.808,
          "5": 0.864
        },
        "ci_hit_rate_at": {
          "1": [
            0.6045896233084875,
            0.6534162730571935
          ],
          "3": [
            0.7872904121388505,
            0.8271360008557097
          ],
          "5": [
            0.845719895338748,
            0.8804204109275503
          ]
        },
        "mrr_at": {
          "1": 0.6293333333333333,
          "3": 0.7092222222222228,
          "5": 0.722122222222223
        },
        "ci_mrr_at": {
          "1": [
            0.604882853366317,
            0.6537838133003496
          ],
          "3": [
            0.6887753543375743,
            0.7296690901068712
          ],
          "5": [
            0.7026682872772028,
            0.7415761571672432
          ]
        },
        "ci_level": 0.95
      },
      "semantic": {
        "n": 1500,
        "hit_rate_at": {
          "1": 0.6853333333333333,
          "3": 0.842,
          "5": 0.8886666666666667
        },
        "ci_hit_rate_at": {
          "1": [
            0.6613841350684132,
            0.7083356545690062
          ],
          "3": [
            0.8226708125158491,
            0.8595818928222665
          ],
          "5": [
            0.8717450333971232,
            0.9036025830007742
          ]
        },
        "mrr_at": {
          "1": 0.6853333333333333,
          "3": 0.7552222222222225,
          "5": 0.7659888888888895
        },
        "ci_mrr_at": {
          "1": [
            0.661824474261669,
            0.7088421924049977
          ],
          "3": [
            0.7358059848788677,
            0.7746384595655772
          ],
          "5": [
            0.7475104413945497,
            0.7844673363832293
          ]
        },
        "ci_level": 0.95
      }
    },
    "search": {
      "strict": {
        "n": 1500,
        "hit_rate_at": {
          "1": 0.6293333333333333,
          "3": 0.808,
          "5": 0.864
        },
        "ci_hit_rate_at": {
          "1": [
            0.6045896233084875,
            0.6534162730571935
          ],
          "3": [
            0.7872904121388505,
            0.8271360008557097
          ],
          "5": [
            0.845719895338748,
            0.8804204109275503
          ]
        },
        "mrr_at": {
          "1": 0.6293333333333333,
          "3": 0.7092222222222228,
          "5": 0.722122222222223
        },
        "ci_mrr_at": {
          "1": [
            0.604882853366317,
            0.6537838133003496
          ],
          "3": [
            0.6887753543375743,
            0.7296690901068712
          ],
          "5": [
            0.7026682872772028,
            0.7415761571672432
          ]
        },
        "ci_level": 0.95
      },
      "semantic": {
        "n": 1500,
        "hit_rate_at": {
          "1": 0.6853333333333333,
          "3": 0.842,
          "5": 0.8886666666666667
        },
        "ci_hit_rate_at": {
          "1": [
            0.6613841350684132,
            0.7083356545690062
          ],
          "3": [
            0.8226708125158491,
            0.8595818928222665
          ],
          "5": [
            0.8717450333971232,
            0.9036025830007742
          ]
        },
        "mrr_at": {
          "1": 0.6853333333333333,
          "3": 0.7552222222222225,
          "5": 0.7659888888888895
        },
        "ci_mrr_at": {
          "1": [
            0.661824474261669,
            0.7088421924049977
          ],
          "3": [
            0.7358059848788677,
            0.7746384595655772
          ],
          "5": [
            0.7475104413945497,
            0.7844673363832293
          ]
        },
        "ci_level": 0.95
      }
    },
    "batch": {
      "strict": {
        "n": 1500,
        "hit_rate_at": {
          "1": 0.6293333333333333,
          "3": 0.808,
          "5": 0.864
        },
        "ci_hit_rate_at": {
          "1": [
            0.6045896233084875,
            0.6534162730571935
          ],
          "3": [
            0.7872904121388505,
            0.8271360008557097
          ],
          "5": [
            0.845719895338748,
            0.8804204109275503
          ]
        },
        "mrr_at": {
          "1": 0.6293333333333333,
          "3": 0.7092222222222228,
          "5": 0.722122222222223
        },
        "ci_mrr_at": {
          "1": [
            0.604882853366317,
            0.6537838133003496
          ],
          "3": [
            0.6887753543375743,
            0.7296690901068712
          ],
          "5": [
            0.7026682872772028,
            0.7415761571672432
          ]
        },
        "ci_level": 0.95
      },
      "semantic": {
        "n": 1500,
        "hit_rate_at": {
          "1": 0.6853333333333333,
          "3": 0.842,
          "5": 0.8886666666666667
        },
        "ci_hit_rate_at": {
          "1": [
            0.6613841350684132,
            0.7083356545690062
          ],
          "3": [
            0.8226708125158491,
            0.8595818928222665
          ],
          "5": [
            0.8717450333971232,
            0.9036025830007742
          ]
        },
        "mrr_at": {
          "1": 0.6853333333333333,
          "3": 0.7552222222222225,
          "5": 0.7659888888888895
        },
        "ci_mrr_at": {
          "1": [
            0.661824474261669,
            0.7088421924049977
          ],