{
  "micro_overall": {
    "strict": {
      "n": 4500,
      "hit_rate_at": {
        "1": 0.7653333333333333,
        "3": 0.8506666666666667,
        "5": 0.8826666666666667
      },
      "ci_hit_rate_at": {
        "1": [
          0.7527279413444596,
          0.777486087497052
        ],
        "3": [
          0.8399539394991713,
          0.860781184045138
        ],
        "5": [
          0.8729357757190291,
          0.8917447583388295
        ]
      },
      "mrr_at": {
        "1": 0.7653333333333333,
        "3": 0.8030000000000014,
        "5": 0.8104000000000009
      },
      "ci_mrr_at": {
        "1": [
          0.7529496712867798,
          0.7777169953798868
        ],
        "3": [
          0.7921569651951774,
          0.8138430348048253
        ],
        "5": [
          0.7999666870014681,
          0.8208333129985337
        ]
      },
      "ci_level": 0.95
    },
    "semantic": {
      "n": 4500,
      "hit_rate_at": {
        "1": 0.8126666666666666,
        "3": 0.876,
        "5": 0.896
      },
      "ci_hit_rate_at": {
        "1": [
          0.8010014881245227,
          0.8237984604349471
        ],
        "3": [
          0.8660483541613527,
          0.8853102193728498
        ],
        "5": [
          0.8867405470775471,
          0.9045839080276237
        ]
      },
      "mrr_at": {
        "1": 0.8126666666666666,
        "3": 0.8410000000000012,
        "5": 0.8455666666666674
      },
      "ci_mrr_at": {
        "1": [
          0.8012651709487374,
          0.8240681623845959
        ],
        "3": [
          0.8309434384745469,
          0.8510565615254555
        ],
        "5": [
          0.8357963693920972,
          0.8553369639412375
        ]
      },
      "ci_level": 0.95
    }
  },
  "macro_overall": {
    "strict": {
      "n_endpoints": 3,
      "hit_rate_at": {
        "1": 0.7653333333333333,
        "3": 0.8506666666666667,
        "5": 0.8826666666666667
      },
      "mrr_at": {
        "1": 0.7653333333333333,
        "3": 0.8029999999999998,
        "5": 0.8104000000000001
      }
    },
    "semantic": {
      "n_endpoints": 3,
      "hit_rate_at": {
        "1": 0.8126666666666665,
        "3": 0.876,
        "5": 0.896
      },
      "mrr_at": {
        "1": 0.8126666666666665,
        "3": 0.8409999999999999,
        "5": 0.8455666666666666
      }
    }
  },
  "per_endpoint": {
    "concept": {
      "strict": {
        "n": 1500,
        "hit_rate_at": {
          "1": 0.7653333333333333,
          "3": 0.8506666666666667,
          "5": 0.8826666666666667
        },
        "ci_hit_rate_at": {
          "1": [
            0.7432254734427307,
            0.7860855922971718
          ],
          "3": [
            0.8317344990394032,
            0.8678072612098148
          ],
          "5": [
            0.8653944121203724,
            0.8979838585698389
          ]
        },
        "mrr_at": {
          "1": 0.7653333333333333,
          "3": 0.8029999999999998,
          "5": 0.8104000000000001
        },
        "ci_mrr_at": {
          "1": [
            0.7438794323616248,
            0.7867872343050418
          ],
          "3": [
            0.7842151370038217,
            0.8217848629961779
          ],
          "5": [
            0.7923249537789453,
            0.828475046221055
          ]
        },
        "ci_level": 0.95
      },
      "semantic": {
        "n": 1500,
        "hit_rate_at": {
          "1": 0.8126666666666666,
          "3": 0.876,
          "5": 0.896
        },
        "ci_hit_rate_at": {
          "1": [
            0.7921312451775008,
            0.8316046589230376
          ],
          "3": [
            0.8583540196298282,
            0.8917249780518427
          ],
          "5": [
            0.8795267100131401,
            0.9104501066941515
          ]
        },
        "mrr_at": {
          "1": 0.8126666666666666,
          "3": 0.8409999999999999,
          "5": 0.8455666666666666
        },
        "ci_mrr_at": {
          "1": [
            0.7929143059237558,
            0.8324190274095775
          ],
          "3": [
            0.8235776515644625,
            0.8584223484355372
          ],
          "5": [
            0.8286402527024614,
            0.8624930806308717
          ]
        },
        "ci_level": 0.95
      }
    },
    "search": {
      "strict": {
        "n": 1500,
        "hit_rate_at": {
          "1": 0.7653333333333333,
          "3": 0.8506666666666667,
          "5": 0.8826666666666667
        },
        "ci_hit_rate_at": {
          "1": [
            0.7432254734427307,
            0.7860855922971718
          ],
          "3": [
            0.8317344990394032,
            0.8678072612098148
          ],
          "5": [
            0.8653944121203724,
            0.8979838585698389
          ]
        },
        "mrr_at": {
          "1": 0.7653333333333333,
          "3": 0.8029999999999998,
          "5": 0.8104000000000001
        },
        "ci_mrr_at": {
          "1": [
            0.7438794323616248,
            0.7867872343050418
          ],
          "3": [
            0.7842151370038217,
            0.8217848629961779
          ],
          "5": [
            0.7923249537789453,
            0.828475046221055
          ]
        },
        "ci_level": 0.95
      },
      "semantic": {
        "n": 1500,
        "hit_rate_at": {
          "1": 0.8126666666666666,
          "3": 0.876,
          "5": 0.896
        },
        "ci_hit_rate_at": {
          "1": [
            0.7921312451775008,
            0.8316046589230376
          ],
          "3": [
            0.8583540196298282,
            0.8917249780518427
          ],
          "5": [
            0.8795267100131401,
            0.9104501066941515
          ]
        },
        "mrr_at": {
          "1": 0.8126666666666666,
          "3": 0.8409999999999999,
          "5": 0.8455666666666666
        },
        "ci_mrr_at": {
          "1": [
            0.7929143059237558,
            0.8324190274095775
          ],
          "3": [
            0.8235776515644625,
            0.8584223484355372
          ],
          "5": [
            0.8286402527024614,
            0.8624930806308717
          ]
        },
        "ci_level": 0.95
      }
    },
    "batch": {
      "strict": {
        "n": 1500,
        "hit_rate_at": {
          "1": 0.7653333333333333,
          "3": 0.8506666666666667,
          "5": 0.8826666666666667
        },
        "ci_hit_rate_at": {
          "1": [
            0.7432254734427307,
            0.7860855922971718
          ],
          "3": [
            0.8317344990394032,
            0.8678072612098148
          ],
          "5": [
            0.8653944121203724,
            0.8979838585698389
          ]
        },
        "mrr_at": {
          "1": 0.7653333333333333,
          "3": 0.8029999999999998,
          "5": 0.8104000000000001
        },
        "ci_mrr_at": {
          "1": [
            0.7438794323616248,
            0.7867872343050418
          ],
          "3": [
            0.7842151370038217,
            0.8217848629961779
          ],
          "5": [
            0.7923249537789453,
            0.828475046221055
          ]
        },
        "ci_level": 0.95
      },
      "semantic": {
        "n": 1500,
        "hit_rate_at": {
          "1": 0.8126666666666666,
          "3": 0.876,
          "5": 0.896
        },
        "ci_hit_rate_at": {
          "1": [
            0.7921312451775008,
            0.8316046589230376
          ],
          "3": [
            0.8583540196298282,
            0.8917249780518427
          ],
          "5": [
            0.8795267100131401,
            0.9104501066941515
          ]
        },
        "mrr_at": {
          "1": 0.8126666666666666,
          "3": 0.8409999999999999,
          "5": 0.8455666666666666
        },