{
  "micro_overall": {
    "strict": {
      "n": 4500,
      "hit_rate_at": {
        "1": 0.6,
        "3": 0.802,
        "5": 0.8693333333333333
      },
      "ci_hit_rate_at": {
        "1": [
          0.5856067393757903,
          0.6142226684790507
        ],
        "3": [
          0.7901013961900887,
          0.8133834155315314
        ],
        "5": [
          0.859169981020493,
          0.8788666319900534
        ]
      },
      "mrr_at": {
        "1": 0.6,
        "3": 0.6885555555555579,
        "5": 0.7039555555555569
      },
      "ci_mrr_at": {
        "1": [
          0.5856845931413931,
          0.6143154068586069
        ],
        "3": [
          0.6766491841425648,
          0.700461926968551
        ],
        "5": [
          0.6927086365175948,
          0.7152024745935189
        ]
      },
      "ci_level": 0.95
    },
    "semantic": {
      "n": 4500,
      "hit_rate_at": {
        "1": 0.6666666666666666,
        "3": 0.85,
        "5": 0.8946666666666667
      },
      "ci_hit_rate_at": {
        "1": [
          0.6527561719530803,
          0.6802928411383216
        ],
        "3": [
          0.8392687451916456,
          0.8601341823002981
        ],
        "5": [
          0.88535814063711,
          0.9033019223633294
        ]
      },
      "mrr_at": {
        "1": 0.6666666666666666,
        "3": 0.7474444444444474,
        "5": 0.7576444444444466
      },
      "ci_mrr_at": {
        "1": [
          0.652891659994374,
          0.6804416733389592
        ],
        "3": [
          0.7363268339631206,
          0.7585620549257741
        ],
        "5": [
          0.7470376115071012,
          0.7682512773817919
        ]
      },
      "ci_level": 0.95
    }
  },
  "macro_overall": {
    "strict": {
      "n_endpoints": 3,
      "hit_rate_at": {
        "1": 0.6,
        "3": 0.802,
        "5": 0.8693333333333332
      },
      "mrr_at": {
        "1": 0.6,
        "3": 0.6885555555555566,
        "5": 0.7039555555555572
      }
    },
    "semantic": {
      "n_endpoints": 3,
      "hit_rate_at": {
        "1": 0.6666666666666666,
        "3": 0.85,
        "5": 0.8946666666666667
      },
      "mrr_at": {
        "1": 0.6666666666666666,
        "3": 0.7474444444444451,
        "5": 0.7576444444444456
      }
    }
  },
  "per_endpoint": {
    "concept": {
      "strict": {
        "n": 1500,
        "hit_rate_at": {
          "1": 0.6,
          "3": 0.802,
          "5": 0.8693333333333333
        },
        "ci_hit_rate_at": {
          "1": [
            0.5749826594651543,
            0.6245064356629496
          ],
          "3": [
            0.7810730527380515,
            0.8213840145488226
          ],
          "5": [
            0.8513292076230978,
            0.8854505170500329
          ]
        },
        "mrr_at": {
          "1": 0.6,
          "3": 0.6885555555555566,
          "5": 0.7039555555555572
        },
        "ci_mrr_at": {
          "1": [
            0.5751994749243212,
            0.6248005250756787
          ],
          "3": [
            0.667928530022521,
            0.7091825810885922
          ],
          "5": [
            0.6844709890056796,
            0.7234401221054348
          ]
        },
        "ci_level": 0.95
      },
      "semantic": {
        "n": 1500,
        "hit_rate_at": {
          "1": 0.6666666666666666,
          "3": 0.85,
          "5": 0.8946666666666667
        },
        "ci_hit_rate_at": {
          "1": [
            0.6424112389538458,
            0.6900705862596607
          ],
          "3": [
            0.8310365711295136,
            0.8671752618188504
          ],
          "5": [
            0.8781101604845497,
            0.9092068016210338
          ]
        },
        "mrr_at": {
          "1": 0.6666666666666666,
          "3": 0.7474444444444452,
          "5": 0.7576444444444456
        },
        "ci_mrr_at": {
          "1": [
            0.642802350285855,
            0.6905309830474783
          ],
          "3": [
            0.7281838966830664,
            0.7667049922058241
          ],
          "5": [
            0.7392687860482599,
            0.7760201028406313
          ]
        },
        "ci_level": 0.95
      }
    },
    "search": {
      "strict": {
        "n": 1500,
        "hit_rate_at": {
          "1": 0.6,
          "3": 0.802,
          "5": 0.8693333333333333
        },
        "ci_hit_rate_at": {
          "1": [
            0.5749826594651543,
            0.6245064356629496
          ],
          "3": [
            0.7810730527380515,
            0.8213840145488226
          ],
          "5": [
            0.8513292076230978,
            0.8854505170500329
          ]
        },
        "mrr_at": {
          "1": 0.6,
          "3": 0.6885555555555566,
          "5": 0.7039555555555572
        },
        "ci_mrr_at": {
          "1": [
            0.5751994749243212,
            0.6248005250756787
          ],
          "3": [
            0.667928530022521,
            0.7091825810885922
          ],
          "5": [
            0.6844709890056796,
            0.7234401221054348
          ]
        },
        "ci_level": 0.95
      },
      "semantic": {
        "n": 1500,
        "hit_rate_at": {
          "1": 0.6666666666666666,
          "3": 0.85,
          "5": 0.8946666666666667
        },
        "ci_hit_rate_at": {
          "1": [
            0.6424112389538458,
            0.6900705862596607
          ],
          "3": [
            0.8310365711295136,
            0.8671752618188504
          ],
          "5": [
            0.8781101604845497,
            0.9092068016210338
          ]
        },
        "mrr_at": {
          "1": 0.6666666666666666,
          "3": 0.7474444444444452,
          "5": 0.7576444444444456
        },
        "ci_mrr_at": {
          "1": [
            0.642802350285855,
            0.6905309830474783
          ],
          "3": [
            0.7281838966830664,
            0.7667049922058241
          ],
          "5": [
            0.7392687860482599,
            0.7760201028406313
          ]
        },
        "ci_level": 0.95
      }
    },
    "batch": {
      "strict": {
        "n": 1500,
        "hit_rate_at": {
          "1": 0.6,
          "3": 0.802,
          "5": 0.8693333333333333
        },
        "ci_hit_rate_at": {
          "1": [
            0.5749826594651543,
            0.6245064356629496
          ],
          "3": [
            0.7810730527380515,
            0.8213840145488226
          ],
          "5": [
            0.8513292076230978,
            0.8854505170500329
          ]
        },
        "mrr_at": {
          "1": 0.6,
          "3": 0.6885555555555566,
          "5": 0.7039555555555572
        },
        "ci_mrr_at": {
          "1": [
            0.5751994749243212,
            0.6248005250756787
          ],
          "3": [
            0.667928530022521,
            0.7091825810885922
          ],
          "5": [
            0.6844709890056796,
            0.7234401221054348
          ]
        },
        "ci_level": 0.95
      },
      "semantic": {
        "n": 1500,
        "hit_rate_at": {
          "1": 0.6666666666666666,
          "3": 0.85,
          "5": 0.8946666666666667
        },
        "ci_hit_rate_at": {
          "1": [
            0.6424112389538458,
            0.6900705862596607
          ],
          "3": [
            0.8310365711295136,
            0.8671752618188504
          ],
          "5": [
            0.8781101604845497,
            0.9092068016210338
          ]
        },
        "mrr_at": {
          "1": 0.6666666666666666,
          "3": 0.7474444444444452,
          "5": 0.7576444444444456
        },
        "ci_mrr_at": {
          "1": [
            0.642802350285855,
            0.6905309830474783
          ],
          "3": [
            0.7281838966830664,
            0.7667049922058241
          ],