{
  "micro_overall": {
    "strict": {
      "n": 4500,
      "hit_rate_at": {
        "1": 0.818,
        "3": 0.8902222222222222,
        "5": 0.9084444444444445
      },
      "ci_hit_rate_at": {
        "1": [
          0.8064567155079724,
          0.8290008014704223
        ],
        "3": [
          0.8807533092705404,
          0.8990254467141283
        ],
        "5": [
          0.8996660637903798,
          0.9165260509589489
        ]
      },
      "mrr_at": {
        "1": 0.818,
        "3": 0.8505925925925938,
        "5": 0.8548370370370378
      },
      "ci_mrr_at": {
        "1": [
          0.806725159142425,
          0.8292748408575749
        ],
        "3": [
          0.8409179606469943,
          0.8602672245381933
        ],
        "5": [
          0.8454417964268831,
          0.8642322776471926
        ]
      },
      "ci_level": 0.95
    },
    "semantic": {
      "n": 4500,
      "hit_rate_at": {
        "1": 0.858,
        "3": 0.9102222222222223,
        "5": 0.9235555555555556
      },
      "ci_hit_rate_at": {
        "1": [
          0.8474958868186772,
          0.8678933933016538
        ],
        "3": [
          0.9015162164960997,
          0.9182284210595373
        ],
        "5": [
          0.915425744209573,
          0.9309628143933761
        ]
      },
      "mrr_at": {
        "1": 0.858,
        "3": 0.881000000000001,
        "5": 0.8841333333333342
      },
      "ci_mrr_at": {
        "1": [
          0.8478003354003076,
          0.8681996645996923
        ],
        "3": [
          0.872122237073664,
          0.889877762926338
        ],
        "5": [
          0.8754888668491322,
          0.8927777998175362
        ]
      },
      "ci_level": 0.95
    }
  },
  "macro_overall": {
    "strict": {
      "n_endpoints": 3,
      "hit_rate_at": {
        "1": 0.818,
        "3": 0.8902222222222221,
        "5": 0.9084444444444445
      },
      "mrr_at": {
        "1": 0.818,
        "3": 0.8505925925925926,
        "5": 0.854837037037037
      }
    },
    "semantic": {
      "n_endpoints": 3,
      "hit_rate_at": {
        "1": 0.858,
        "3": 0.9102222222222224,
        "5": 0.9235555555555556
      },
      "mrr_at": {
        "1": 0.858,
        "3": 0.8809999999999999,
        "5": 0.8841333333333333
      }
    }
  },
  "per_endpoint": {
    "concept": {
      "strict": {
        "n": 1500,
        "hit_rate_at": {
          "1": 0.82,
          "3": 0.8906666666666667,
          "5": 0.9086666666666666
        },
        "ci_hit_rate_at": {
          "1": [
            0.7997476347532015,
            0.8386174696567312
          ],
          "3": [
            0.8738650797563723,
            0.9054723185440872
          ],
          "5": [
            0.8930249857057833,
            0.9222204497177349
          ]
        },
        "mrr_at": {
          "1": 0.82,
          "3": 0.8517777777777776,
          "5": 0.8559444444444444
        },
        "ci_mrr_at": {
          "1": [
            0.8005509481702051,
            0.8394490518297948
          ],
          "3": [
            0.835050569654528,
            0.8685049859010273
          ],
          "5": [
            0.8396944368489047,
            0.8721944520399841
          ]
        },
        "ci_level": 0.95
      },
      "semantic": {
        "n": 1500,
        "hit_rate_at": {
          "1": 0.8593333333333333,
          "3": 0.9113333333333333,
          "5": 0.9233333333333333
        },
        "ci_hit_rate_at": {
          "1": [
            0.840819034177718,
            0.8760117809826022
          ],
          "3": [
            0.8958769430057053,
            0.9246882016212289
          ],
          "5": [
            0.9087611285659496,
            0.9357427074763571
          ]
        },
        "mrr_at": {
          "1": 0.8593333333333333,
          "3": 0.8819999999999999,
          "5": 0.8847999999999999
        },
        "ci_mrr_at": {
          "1": [
            0.8417325627489265,
            0.8769341039177401
          ],
          "3": [
            0.8666758009475464,
            0.8973241990524534
          ],
          "5": [
            0.8698385710282492,
            0.8997614289717506
          ]
        },
        "ci_level": 0.95
      }
    },
    "search": {
      "strict": {
        "n": 1500,
        "hit_rate_at": {
          "1": 0.8173333333333334,
          "3": 0.8906666666666667,
          "5": 0.9086666666666666
        },
        "ci_hit_rate_at": {
          "1": [
            0.7969766882455112,
            0.8360687069610055
          ],
          "3": [
            0.8738650797563723,
            0.9054723185440872
          ],
          "5": [
            0.8930249857057833,
            0.9222204497177349
          ]
        },
        "mrr_at": {
          "1": 0.8173333333333334,
          "3": 0.8504444444444442,
          "5": 0.854611111111111
        },
        "ci_mrr_at": {
          "1": [
            0.79777262792993,
            0.8368940387367367
          ],
          "3": [
            0.8336965940832172,
            0.8671922948056713
          ],
          "5": [
            0.8383389808799931,
            0.8708832413422288
          ]
        },
        "ci_level": 0.95
      },
      "semantic": {
        "n": 1500,
        "hit_rate_at": {
          "1": 0.858,
          "3": 0.91,
          "5": 0.924
        },
        "ci_hit_rate_at": {
          "1": [
            0.8394199948293901,
            0.8747509657292221
          ],
          "3": [
            0.894450490086153,
            0.9234547999390732
          ],
          "5": [
            0.9094795432471188,
            0.936354220096042
          ]
        },
        "mrr_at": {
          "1": 0.858,
          "3": 0.8808888888888887,
          "5": 0.8841555555555554
        },
        "ci_mrr_at": {
          "1": [
            0.840329734658147,
            0.875670265341853
          ],
          "3": [
            0.8654970564295028,
            0.8962807213482746
          ],
          "5": [
            0.8691854064640243,
            0.8991257046470864
          ]
        },
        "ci_level": 0.95
      }
    },
    "batch": {
      "strict": {
        "n": 1500,
        "hit_rate_at": {
          "1": 0.8166666666666667,
          "3": 0.8893333333333333,
          "5": 0.908
        },
        "ci_hit_rate_at": {
          "1": [
            0.796284194774703,
            0.8354312731309594
          ],
          "3": [
            0.8724515346867576,
            0.9042260090119938
          ],
          "5": [
            0.8923125834071463,
            0.9216029247155179
          ]
        },
        "mrr_at": {
          "1": 0.8166666666666667,
          "3": 0.8495555555555556,
          "5": 0.8539555555555558
        },
        "ci_mrr_at": {
          "1": [
            0.7970782926779219,
            0.8362550406554115
          ],
          "3": [
            0.8327488670718207,
            0.8663622440392905
          ],
          "5": [
            0.8376479500064049,
            0.8702631611047067
          ]
        },
        "ci_level": 0.95
      },
      "semantic": {
        "n": 1500,
        "hit_rate_at": {
          "1": 0.8566666666666667,
          "3": 0.9093333333333333,
          "5": 0.9233333333333333
        },
        "ci_hit_rate_at": {
          "1": [
            0.8380214802399903,
            0.8734896257169138
          ],
          "3": [
            0.8937376205011942,
            0.9228377422231779
          ],
          "5": [
            0.9087611285659496,
            0.9357427074763571
          ]
        },
        "mrr_at": {
          "1": 0.8566666666666667,
          "3": 0.8801111111111113,
          "5": 0.8834444444444447
        },
        "ci_mrr_at": {
          "1": [
            0.838927435644761,
            0.8744058976885724
          ],