{
  "micro_overall": {
    "strict": {
      "n": 4500,
      "hit_rate_at": {
        "1": 0.776,
        "3": 0.852,
        "5": 0.8773333333333333
      },
      "ci_hit_rate_at": {
        "1": [
          0.7635858938117148,
          0.7879432718676467
        ],
        "3": [
          0.8413245430776471,
          0.8620749725713935
        ],
        "5": [
          0.8674250944500319,
          0.8865978711889018
        ]
      },
      "mrr_at": {
        "1": 0.776,
        "3": 0.8104444444444454,
        "5": 0.8161777777777781
      },
      "ci_mrr_at": {
        "1": [
          0.7638170364579546,
          0.7881829635420454
        ],
        "3": [
          0.7996992701330743,
          0.8211896187558165
        ],
        "5": [
          0.8057558319950471,
          0.8265997235605091
        ]
      },
      "ci_level": 0.95
    },
    "semantic": {
      "n": 4500,
      "hit_rate_at": {
        "1": 0.818,
        "3": 0.8746666666666667,
        "5": 0.8966666666666666
      },
      "ci_hit_rate_at": {
        "1": [
          0.8064567155079724,
          0.8290008014704223
        ],
        "3": [
          0.8646719755432829,
          0.8840222058861883
        ],
        "5": [
          0.8874319204279597,
          0.9052247307295767
        ]
      },
      "mrr_at": {
        "1": 0.818,
        "3": 0.8433333333333343,
        "5": 0.8483333333333337
      },
      "ci_mrr_at": {
        "1": [
          0.806725159142425,
          0.8292748408575749
        ],
        "3": [
          0.8332761633217253,
          0.8533905033449433
        ],
        "5": [
          0.8385913500179462,
          0.8580753166487213
        ]
      },
      "ci_level": 0.95
    }
  },
  "macro_overall": {
    "strict": {
      "n_endpoints": 3,
      "hit_rate_at": {
        "1": 0.7760000000000001,
        "3": 0.852,
        "5": 0.8773333333333332
      },
      "mrr_at": {
        "1": 0.7760000000000001,
        "3": 0.8104444444444446,
        "5": 0.8161777777777782
      }
    },
    "semantic": {
      "n_endpoints": 3,
      "hit_rate_at": {
        "1": 0.818,
        "3": 0.8746666666666667,
        "5": 0.8966666666666666
      },
      "mrr_at": {
        "1": 0.818,
        "3": 0.8433333333333334,
        "5": 0.8483333333333336
      }
    }
  },
  "per_endpoint": {
    "concept": {
      "strict": {
        "n": 1500,
        "hit_rate_at": {
          "1": 0.776,
          "3": 0.852,
          "5": 0.8773333333333333
        },
        "ci_hit_rate_at": {
          "1": [
            0.7542109588663212,
            0.7963789436872458
          ],
          "3": [
            0.8331307253188296,
            0.8690708895320964
          ],
          "5": [
            0.859760817130179,
            0.8929780351531998
          ]
        },
        "mrr_at": {
          "1": 0.776,
          "3": 0.8104444444444446,
          "5": 0.8161777777777782
        },
        "ci_mrr_at": {
          "1": [
            0.7548937963269331,
            0.797106203673067
          ],
          "3": [
            0.7918291184824389,
            0.8290597704064504
          ],
          "5": [
            0.7981224245297085,
            0.834233131025848
          ]
        },
        "ci_level": 0.95
      },
      "semantic": {
        "n": 1500,
        "hit_rate_at": {
          "1": 0.818,
          "3": 0.8746666666666667,
          "5": 0.8966666666666666
        },
        "ci_hit_rate_at": {
          "1": [
            0.7976692785650308,
            0.8367060439423399
          ],
          "3": [
            0.8569478448940322,
            0.8904712981859306
          ],
          "5": [
            0.8802352774466673,
            0.9110714665614783
          ]
        },
        "mrr_at": {
          "1": 0.818,
          "3": 0.8433333333333334,
          "5": 0.8483333333333336
        },
        "ci_mrr_at": {
          "1": [
            0.7984670606868262,
            0.8375329393131737
          ],
          "3": [
            0.8259099307345231,
            0.8607567359321436
          ],
          "5": [
            0.8314559714891017,
            0.8652106951775655
          ]
        },
        "ci_level": 0.95
      }
    },
    "search": {
      "strict": {
        "n": 1500,
        "hit_rate_at": {
          "1": 0.776,
          "3": 0.852,
          "5": 0.8773333333333333
        },
        "ci_hit_rate_at": {
          "1": [
            0.7542109588663212,
            0.7963789436872458
          ],
          "3": [
            0.8331307253188296,
            0.8690708895320964
          ],
          "5": [
            0.859760817130179,
            0.8929780351531998
          ]
        },
        "mrr_at": {
          "1": 0.776,
          "3": 0.8104444444444446,
          "5": 0.8161777777777782
        },
        "ci_mrr_at": {
          "1": [
            0.7548937963269331,
            0.797106203673067
          ],
          "3": [
            0.7918291184824389,
            0.8290597704064504
          ],
          "5": [
            0.7981224245297085,
            0.834233131025848
          ]
        },
        "ci_level": 0.95
      },
      "semantic": {
        "n": 1500,
        "hit_rate_at": {
          "1": 0.818,
          "3": 0.8746666666666667,
          "5": 0.8966666666666666
        },
        "ci_hit_rate_at": {
          "1": [
            0.7976692785650308,
            0.8367060439423399
          ],
          "3": [
            0.8569478448940322,
            0.8904712981859306
          ],
          "5": [
            0.8802352774466673,
            0.9110714665614783
          ]
        },
        "mrr_at": {
          "1": 0.818,
          "3": 0.8433333333333334,
          "5": 0.8483333333333336
        },
        "ci_mrr_at": {
          "1": [
            0.7984670606868262,
            0.8375329393131737
          ],
          "3": [
            0.8259099307345231,
            0.8607567359321436
          ],
          "5": [
            0.8314559714891017,
            0.8652106951775655
          ]
        },
        "ci_level": 0.95
      }
    },
    "batch": {
      "strict": {
        "n": 1500,
        "hit_rate_at": {
          "1": 0.776,
          "3": 0.852,
          "5": 0.8773333333333333
        },
        "ci_hit_rate_at": {
          "1": [
            0.7542109588663212,
            0.7963789436872458
          ],
          "3": [
            0.8331307253188296,
            0.8690708895320964
          ],
          "5": [
            0.859760817130179,
            0.8929780351531998
          ]
        },
        "mrr_at": {
          "1": 0.776,
          "3": 0.8104444444444446,
          "5": 0.8161777777777782
        },
        "ci_mrr_at": {
          "1": [
            0.7548937963269331,
            0.797106203673067
          ],
          "3": [
            0.7918291184824389,
            0.8290597704064504
          ],
          "5": [
            0.7981224245297085,
            0.834233131025848
          ]
        },
        "ci_level": 0.95
      },
      "semantic": {
        "n": 1500,
        "hit_rate_at": {
          "1": 0.818,
          "3": 0.8746666666666667,
          "5": 0.8966666666666666
        },
        "ci_hit_rate_at": {
          "1": [
            0.7976692785650308,
            0.8367060439423399
          ],
          "3": [
            0.8569478448940322,
            0.8904712981859306
          ],
          "5": [
            0.8802352774466673,
            0.9110714665614783
          ]
        },
        "mrr_at": {
          "1": 0.818,
          "3": 0.8433333333333334,
          "5": 0.8483333333333336
        },
        "ci_mrr_at": {
          "1": [
            0.7984670606868262,
            0.8375329393131737
          ],
          "3": [
            0.8259099307345231,
            0.8607567359321436
          ],