{
  "micro_overall": {
    "strict": {
      "n": 4500,
      "hit_rate_at": {
        "1": 0.8222222222222222,
        "3": 0.8975555555555556,
        "5": 0.9148888888888889
      },
      "ci_hit_rate_at": {
        "1": [
          0.8107779912499711,
          0.8331167673934057
        ],
        "3": [
          0.8883539301719285,
          0.9060789823887618
        ],
        "5": [
          0.906377621453732,
          0.9226923884684641
        ]
      },
      "mrr_at": {
        "1": 0.8222222222222222,
        "3": 0.8555555555555567,
        "5": 0.8595666666666674
      },
      "ci_mrr_at": {
        "1": [
          0.8110502096301118,
          0.8333942348143326
        ],
        "3": [
          0.8460656745126196,
          0.8650454365984939
        ],
        "5": [
          0.8503479483290777,
          0.8687853850042571
        ]
      },
      "ci_level": 0.95
    },
    "semantic": {
      "n": 4500,
      "hit_rate_at": {
        "1": 0.8628888888888889,
        "3": 0.912,
        "5": 0.926
      },
      "ci_hit_rate_at": {
        "1": [
          0.8525289358759048,
          0.872629781961774
        ],
        "3": [
          0.9033673537078843,
          0.9199298066540609
        ],
        "5": [
          0.9179828610892611,
          0.9332904163723619
        ]
      },
      "mrr_at": {
        "1": 0.8628888888888889,
        "3": 0.8845925925925935,
        "5": 0.8878037037037041
      },
      "ci_mrr_at": {
        "1": [
          0.8528378295192506,
          0.8729399482585273
        ],
        "3": [
          0.8758123109667679,
          0.893372874218419
        ],
        "5": [
          0.8792673254874647,
          0.8963400819199435
        ]
      },
      "ci_level": 0.95
    }
  },
  "macro_overall": {
    "strict": {
      "n_endpoints": 3,
      "hit_rate_at": {
        "1": 0.8222222222222223,
        "3": 0.8975555555555556,
        "5": 0.914888888888889
      },
      "mrr_at": {
        "1": 0.8222222222222223,
        "3": 0.8555555555555553,
        "5": 0.8595666666666668
      }
    },
    "semantic": {
      "n_endpoints": 3,
      "hit_rate_at": {
        "1": 0.8628888888888889,
        "3": 0.9119999999999999,
        "5": 0.926
      },
      "mrr_at": {
        "1": 0.8628888888888889,
        "3": 0.8845925925925924,
        "5": 0.8878037037037038
      }
    }
  },
  "per_endpoint": {
    "concept": {
      "strict": {
        "n": 1500,
        "hit_rate_at": {
          "1": 0.8233333333333334,
          "3": 0.8946666666666667,
          "5": 0.914
        },
        "ci_hit_rate_at": {
          "1": [
            0.8032135379046681,
            0.8418012030095348
          ],
          "3": [
            0.8781101604845497,
            0.9092068016210338
          ],
          "5": [
            0.8987327719727657,
            0.9271520818575848
          ]
        },
        "mrr_at": {
          "1": 0.8233333333333334,
          "3": 0.8549999999999996,
          "5": 0.8595
        },
        "ci_mrr_at": {
          "1": [
            0.8040260837085546,
            0.8426405829581122
          ],
          "3": [
            0.8384553408601768,
            0.8715446591398225
          ],
          "5": [
            0.843479214587878,
            0.8755207854121221
          ]
        },
        "ci_level": 0.95
      },
      "semantic": {
        "n": 1500,
        "hit_rate_at": {
          "1": 0.864,
          "3": 0.91,
          "5": 0.9253333333333333
        },
        "ci_hit_rate_at": {
          "1": [
            0.845719895338748,
            0.8804204109275503
          ],
          "3": [
            0.894450490086153,
            0.9234547999390732
          ],
          "5": [
            0.9109172704624976,
            0.9375763474823712
          ]
        },
        "mrr_at": {
          "1": 0.864,
          "3": 0.8842222222222221,
          "5": 0.8877555555555556
        },
        "ci_mrr_at": {
          "1": [
            0.8466467197580179,
            0.8813532802419821
          ],
          "3": [
            0.8689227363831455,
            0.8995217080612987
          ],
          "5": [
            0.8729184810418759,
            0.9025926300692354
          ]
        },
        "ci_level": 0.95
      }
    },
    "search": {
      "strict": {
        "n": 1500,
        "hit_rate_at": {
          "1": 0.822,
          "3": 0.8993333333333333,
          "5": 0.9146666666666666
        },
        "ci_hit_rate_at": {
          "1": [
            0.8018268776362699,
            0.8405280086762249
          ],
          "3": [
            0.8830715374691925,
            0.9135549157423694
          ],
          "5": [
            0.899447352930755,
            0.9277674282004496
          ]
        },
        "mrr_at": {
          "1": 0.822,
          "3": 0.8559999999999997,
          "5": 0.8595333333333333
        },
        "ci_mrr_at": {
          "1": [
            0.8026357284221042,
            0.8413642715778957
          ],
          "3": [
            0.8396187850596949,
            0.8723812149403044
          ],
          "5": [
            0.8435671243783548,
            0.8754995422883117
          ]
        },
        "ci_level": 0.95
      },
      "semantic": {
        "n": 1500,
        "hit_rate_at": {
          "1": 0.862,
          "3": 0.9126666666666666,
          "5": 0.9253333333333333
        },
        "ci_hit_rate_at": {
          "1": [
            0.8436187121292765,
            0.8785318122344598
          ],
          "3": [
            0.8973043636615466,
            0.9259206355670956
          ],
          "5": [
            0.9109172704624976,
            0.9375763474823712
          ]
        },
        "mrr_at": {
          "1": 0.862,
          "3": 0.8844444444444444,
          "5": 0.8873444444444446
        },
        "ci_mrr_at": {
          "1": [
            0.8445398314806772,
            0.8794601685193227
          ],
          "3": [
            0.8692558282668355,
            0.8996330606220533
          ],
          "5": [
            0.8725374402933412,
            0.902151448595548
          ]
        },
        "ci_level": 0.95
      }
    },
    "batch": {
      "strict": {
        "n": 1500,
        "hit_rate_at": {
          "1": 0.8213333333333334,
          "3": 0.8986666666666666,
          "5": 0.916
        },
        "ci_hit_rate_at": {
          "1": [
            0.8011336974413548,
            0.839891261570286
          ],
          "3": [
            0.8823621704828069,
            0.912934355427901
          ],
          "5": [
            0.9008772817486927,
            0.9289973539842198
          ]
        },
        "mrr_at": {
          "1": 0.8213333333333334,
          "3": 0.8556666666666667,
          "5": 0.8596666666666668
        },
        "ci_mrr_at": {
          "1": [
            0.8019407017547313,
            0.8407259649119354
          ],
          "3": [
            0.8392712473751252,
            0.8720620859582082
          ],
          "5": [
            0.8437412893569158,
            0.8755920439764178
          ]
        },
        "ci_level": 0.95
      },
      "semantic": {
        "n": 1500,
        "hit_rate_at": {
          "1": 0.8626666666666667,
          "3": 0.9133333333333333,
          "5": 0.9273333333333333
        },
        "ci_hit_rate_at": {
          "1": [
            0.8443189694704746,
            0.8791614821941157
          ],
          "3": [
            0.8980184430860471,
            0.9265364834434494
          ],
          "5": [
            0.913076161208531,
            0.9394072386388999
          ]
        },
        "mrr_at": {
          "1": 0.8626666666666667,
          "3": 0.885111111111111,
          "5": 0.8883111111111113
        },
        "ci_mrr_at": {
          "1": [
            0.8452419893509533,
            0.8800913439823801
          ],