{
  "micro_overall": {
    "strict": {
      "n": 4500,
      "hit_rate_at": {
        "1": 0.6973333333333334,
        "3": 0.7873333333333333,
        "5": 0.824
      },
      "ci_hit_rate_at": {
        "1": [
          0.6837466014435915,
          0.7105834300566284
        ],
        "3": [
          0.7751350308468844,
          0.7990414677226924
        ],
        "5": [
          0.8125981676676372,
          0.8348491137820481
        ]
      },
      "mrr_at": {
        "1": 0.6973333333333334,
        "3": 0.7346666666666685,
        "5": 0.742900000000001
      },
      "ci_mrr_at": {
        "1": [
          0.683908757131718,
          0.7107579095349488
        ],
        "3": [
          0.7224877221619318,
          0.7468456111714051
        ],
        "5": [
          0.7310874144841202,
          0.7547125855158818
        ]
      },
      "ci_level": 0.95
    },
    "semantic": {
      "n": 4500,
      "hit_rate_at": {
        "1": 0.754,
        "3": 0.8206666666666667,
        "5": 0.8473333333333334
      },
      "ci_hit_rate_at": {
        "1": [
          0.7412033040423804,
          0.7663633919089159
        ],
        "3": [
          0.8091856751794562,
          0.831600626008401
        ],
        "5": [
          0.8365286754084496,
          0.8575454678740317
        ]
      },
      "mrr_at": {
        "1": 0.754,
        "3": 0.7823333333333345,
        "5": 0.7883000000000004
      },
      "ci_mrr_at": {
        "1": [
          0.7414150555978305,
          0.7665849444021695
        ],
        "3": [
          0.7708491944543023,
          0.7938174722123668
        ],
        "5": [
          0.7771179819395354,
          0.7994820180604655
        ]
      },
      "ci_level": 0.95
    }
  },
  "macro_overall": {
    "strict": {
      "n_endpoints": 3,
      "hit_rate_at": {
        "1": 0.6973333333333334,
        "3": 0.7873333333333333,
        "5": 0.824
      },
      "mrr_at": {
        "1": 0.6973333333333334,
        "3": 0.7346666666666671,
        "5": 0.7429000000000009
      }
    },
    "semantic": {
      "n_endpoints": 3,
      "hit_rate_at": {
        "1": 0.754,
        "3": 0.8206666666666665,
        "5": 0.8473333333333334
      },
      "mrr_at": {
        "1": 0.754,
        "3": 0.7823333333333334,
        "5": 0.7883000000000004
      }
    }
  },
  "per_endpoint": {
    "concept": {
      "strict": {
        "n": 1500,
        "hit_rate_at": {
          "1": 0.6973333333333334,
          "3": 0.7873333333333333,
          "5": 0.824
        },
        "ci_hit_rate_at": {
          "1": [
            0.6736040196334575,
            0.7200544614193344
          ],
          "3": [
            0.765904716173868,
            0.8072939504942175
          ],
          "5": [
            0.8039070188612406,
            0.8424376493538163
          ]
        },
        "mrr_at": {
          "1": 0.6973333333333334,
          "3": 0.7346666666666671,
          "5": 0.7429000000000009
        },
        "ci_mrr_at": {
          "1": [
            0.6740761152879835,
            0.7205905513786832
          ],
          "3": [
            0.7135674257182042,
            0.7557659076151301
          ],
          "5": [
            0.7224354525240718,
            0.76336454747593
          ]
        },
        "ci_level": 0.95
      },
      "semantic": {
        "n": 1500,
        "hit_rate_at": {
          "1": 0.754,
          "3": 0.8206666666666667,
          "5": 0.8473333333333334
        },
        "ci_hit_rate_at": {
          "1": [
            0.731573997611189,
            0.7751283040141952
          ],
          "3": [
            0.800440616624105,
            0.8392544150866817
          ],
          "5": [
            0.8282460787284299,
            0.8646460450165178
          ]
        },
        "mrr_at": {
          "1": 0.754,
          "3": 0.7823333333333334,
          "5": 0.7883000000000004
        },
        "ci_mrr_at": {
          "1": [
            0.7321973902450167,
            0.7758026097549833
          ],
          "3": [
            0.7624377986094453,
            0.8022288680572216
          ],
          "5": [
            0.7689278702348922,
            0.8076721297651087
          ]
        },
        "ci_level": 0.95
      }
    },
    "search": {
      "strict": {
        "n": 1500,
        "hit_rate_at": {
          "1": 0.6973333333333334,
          "3": 0.7873333333333333,
          "5": 0.824
        },
        "ci_hit_rate_at": {
          "1": [
            0.6736040196334575,
            0.7200544614193344
          ],
          "3": [
            0.765904716173868,
            0.8072939504942175
          ],
          "5": [
            0.8039070188612406,
            0.8424376493538163
          ]
        },
        "mrr_at": {
          "1": 0.6973333333333334,
          "3": 0.7346666666666671,
          "5": 0.7429000000000009
        },
        "ci_mrr_at": {
          "1": [
            0.6740761152879835,
            0.7205905513786832
          ],
          "3": [
            0.7135674257182042,
            0.7557659076151301
          ],
          "5": [
            0.7224354525240718,
            0.76336454747593
          ]
        },
        "ci_level": 0.95
      },
      "semantic": {
        "n": 1500,
        "hit_rate_at": {
          "1": 0.754,
          "3": 0.8206666666666667,
          "5": 0.8473333333333334
        },
        "ci_hit_rate_at": {
          "1": [
            0.731573997611189,
            0.7751283040141952
          ],
          "3": [
            0.800440616624105,
            0.8392544150866817
          ],
          "5": [
            0.8282460787284299,
            0.8646460450165178
          ]
        },
        "mrr_at": {
          "1": 0.754,
          "3": 0.7823333333333334,
          "5": 0.7883000000000004
        },
        "ci_mrr_at": {
          "1": [
            0.7321973902450167,
            0.7758026097549833
          ],
          "3": [
            0.7624377986094453,
            0.8022288680572216
          ],
          "5": [
            0.7689278702348922,
            0.8076721297651087
          ]
        },
        "ci_level": 0.95
      }
    },
    "batch": {
      "strict": {
        "n": 1500,
        "hit_rate_at": {
          "1": 0.6973333333333334,
          "3": 0.7873333333333333,
          "5": 0.824
        },
        "ci_hit_rate_at": {
          "1": [
            0.6736040196334575,
            0.7200544614193344
          ],
          "3": [
            0.765904716173868,
            0.8072939504942175
          ],
          "5": [
            0.8039070188612406,
            0.8424376493538163
          ]
        },
        "mrr_at": {
          "1": 0.6973333333333334,
          "3": 0.7346666666666671,
          "5": 0.7429000000000009
        },
        "ci_mrr_at": {
          "1": [
            0.6740761152879835,
            0.7205905513786832
          ],
          "3": [
            0.7135674257182042,
            0.7557659076151301
          ],
          "5": [
            0.7224354525240718,
            0.76336454747593
          ]
        },
        "ci_level": 0.95
      },
      "semantic": {
        "n": 1500,
        "hit_rate_at": {
          "1": 0.754,
          "3": 0.8206666666666667,
          "5": 0.8473333333333334
        },
        "ci_hit_rate_at": {
          "1": [
            0.731573997611189,
            0.7751283040141952
          ],
          "3": [
            0.800440616624105,
            0.8392544150866817
          ],
          "5": [
            0.8282460787284299,
            0.8646460450165178
          ]
        },
        "mrr_at": {
          "1": 0.754,
          "3": 0.7823333333333334,
          "5": 0.7883000000000004
        },
        "ci_mrr_at": {
          "1": [
            0.7321973902450167,
            0.7758026097549833
          ],